-- --------------------------------------------------------
-- Host:                         127.0.0.1
-- Server version:               11.7.2-MariaDB-log - mariadb.org binary distribution
-- Server OS:                    Win64
-- HeidiSQL Version:             12.1.0.6537
-- --------------------------------------------------------

/*!40101 SET @OLD_CHARACTER_SET_CLIENT=@@CHARACTER_SET_CLIENT */;
/*!40101 SET NAMES utf8 */;
/*!50503 SET NAMES utf8mb4 */;
/*!40103 SET @OLD_TIME_ZONE=@@TIME_ZONE */;
/*!40103 SET TIME_ZONE='+00:00' */;
/*!40014 SET @OLD_FOREIGN_KEY_CHECKS=@@FOREIGN_KEY_CHECKS, FOREIGN_KEY_CHECKS=0 */;
/*!40101 SET @OLD_SQL_MODE=@@SQL_MODE, SQL_MODE='NO_AUTO_VALUE_ON_ZERO' */;
/*!40111 SET @OLD_SQL_NOTES=@@SQL_NOTES, SQL_NOTES=0 */;


-- Dumping database structure for klinik1
CREATE DATABASE IF NOT EXISTS `klinik1` /*!40100 DEFAULT CHARACTER SET utf8mb4 COLLATE utf8mb4_0900_ai_ci */;
USE `klinik1`;

-- Dumping structure for table klinik1.apoteker
CREATE TABLE IF NOT EXISTS `apoteker` (
  `ID_Apoteker` int(11) NOT NULL,
  `ID_Pasien` int(11) DEFAULT NULL,
  `Nama` varchar(100) DEFAULT NULL,
  `No_Handphone` varchar(20) DEFAULT NULL,
  `Alamat` varchar(100) DEFAULT NULL,
  `Tempat` varchar(50) DEFAULT NULL,
  `Tanggal_Lahir` date DEFAULT NULL,
  PRIMARY KEY (`ID_Apoteker`),
  KEY `ID_Pasien` (`ID_Pasien`),
  CONSTRAINT `apoteker_ibfk_1` FOREIGN KEY (`ID_Pasien`) REFERENCES `pasien` (`ID_Pasien`)
) ENGINE=InnoDB DEFAULT CHARSET=utf8mb4 COLLATE=utf8mb4_0900_ai_ci;

-- Dumping data for table klinik1.apoteker: ~100 rows (approximately)
INSERT INTO `apoteker` (`ID_Apoteker`, `ID_Pasien`, `Nama`, `No_Handphone`, `Alamat`, `Tempat`, `Tanggal_Lahir`) VALUES
	(1, 76, 'Dr. Siti Rahayu', '421-990-5798', 'Jl. Melati No. 15, Jakarta Pusat', 'Jakarta', '1990-03-06'),
	(2, 47, 'Dr. Bambang Sutrisno', '683-315-3286', 'Jl. Sudirman Kav. 22, Jakarta Selatan', 'Bandung', '1972-06-04'),
	(3, 82, 'Dr. Anita Wijaya', '419-595-1769', 'Jl. Thamrin No. 8, Medan', 'Medan', '1992-09-14'),
	(4, 18, 'Dr. Hendra Kurniawan', '802-504-5825', 'Jl. Gajah Mada No. 45, Surabaya', 'Surabaya', '1998-07-19'),
	(5, 72, 'Dr. Linda Hartati', '487-947-6743', 'Jl. Pahlawan No. 12, Yogyakarta', 'Yogyakarta', '1990-04-08'),
	(6, 2, 'Dr. Agus Salim', '134-143-1078', 'Jl. Diponegoro No. 33, Semarang', 'Semarang', '1992-06-01'),
	(7, 80, 'Dr. Rina Dewi', '949-164-5691', 'Jl. Ahmad Yani No. 78, Malang', 'Malang', '1987-03-15'),
	(8, 81, 'Dr. Eko Prasetyo', '230-891-8832', 'Jl. S. Parman No. 56, Bandung', 'Bandung', '1972-07-11'),
	(9, 38, 'Dr. Maya Fitriani', '507-429-3170', 'Jl. Gatot Subroto No. 29, Denpasar', 'Denpasar', '2003-03-24'),
	(10, 70, 'Dr. Aditya Nugroho', '233-988-4383', 'Jl. Hayam Wuruk No. 17, Makassar', 'Makassar', '1996-03-01'),
	(11, 51, 'Dr. Diah Anggraeni', '931-591-9641', 'Jl. Teuku Umar No. 44, Palembang', 'Palembang', '1999-02-15'),
	(12, 8, 'Dr. Faisal Rahman', '803-151-9296', 'Jl. Merdeka No. 9, Bogor', 'Bogor', '1970-02-12'),
	(13, 71, 'Dr. Ratna Sari', '508-696-5012', 'Jl. Asia Afrika No. 21, Bandung', 'Bandung', '1994-09-18'),
	(14, 63, 'Dr. Arif Hidayat', '558-435-1056', 'Jl. Pemuda No. 31, Surabaya', 'Surabaya', '1968-06-16'),
	(15, 40, 'Dr. Wulan Sari', '195-628-8086', 'Jl. Veteran No. 5, Jakarta Pusat', 'Jakarta', '1987-09-14'),
	(16, 5, 'Dr. Joko Susilo', '494-122-6387', 'Jl. Kartini No. 14, Semarang', 'Semarang', '1969-08-25'),
	(17, 85, 'Dr. Dian Permata', '395-647-8717', 'Jl. Imam Bonjol No. 27, Medan', 'Medan', '1977-06-04'),
	(18, 93, 'Dr. Rudi Hermawan', '780-412-8220', 'Jl. Sudirman No. 63, Yogyakarta', 'Yogyakarta', '1985-01-09'),
	(19, 26, 'Dr. Siska Amelia', '351-160-2745', 'Jl. Pahlawan No. 8, Malang', 'Malang', '1997-01-07'),
	(20, 89, 'Dr. Andi Saputra', '823-520-7893', 'Jl. Ahmad Dahlan No. 19, Makassar', 'Makassar', '1976-01-02'),
	(21, 49, 'Dr. Fitri Handayani', '214-662-2943', 'Jl. Dipati Ukur No. 12, Bandung', 'Bandung', '1992-11-08'),
	(22, 98, 'Dr. Yoga Pratama', '648-768-2103', 'Jl. Cihampelas No. 45, Bandung', 'Bandung', '1996-02-12'),
	(23, 56, 'Dr. Rina Marlina', '872-591-3916', 'Jl. Riau No. 29, Pekanbaru', 'Pekanbaru', '2004-08-08'),
	(24, 19, 'Dr. Fajar Setiawan', '303-760-6481', 'Jl. Gajah Mada No. 22, Jakarta Barat', 'Jakarta', '1985-04-20'),
	(25, 87, 'Dr. Lina Wijayanti', '681-307-7772', 'Jl. Sisingamangaraja No. 17, Medan', 'Medan', '1965-01-03'),
	(26, 7, 'Dr. Irfan Maulana', '986-231-7014', 'Jl. K.H. Wahid Hasyim No. 8, Jakarta Pusat', 'Jakarta', '1986-01-14'),
	(27, 92, 'Dr. Santi Purnama', '946-857-1285', 'Jl. Panglima Polim No. 41, Jakarta Selatan', 'Jakarta', '1997-08-03'),
	(28, 17, 'Dr. Budi Santoso', '544-684-7672', 'Jl. Tunjungan No. 15, Surabaya', 'Surabaya', '1972-11-19'),
	(29, 39, 'Dr. Ayu Lestari', '183-373-3693', 'Jl. Kaliurang No. 22, Yogyakarta', 'Yogyakarta', '1990-06-18'),
	(30, 32, 'Dr. Eka Wulandari', '365-172-2019', 'Jl. Dr. Sutomo No. 33, Surabaya', 'Surabaya', '1962-09-06'),
	(31, 66, 'Dr. Dedi Kurniawan', '907-617-5044', 'Jl. Suryakencana No. 18, Bogor', 'Bogor', '1984-11-17'),
	(32, 16, 'Dr. Rani Oktaviani', '217-591-8056', 'Jl. Cikini Raya No. 7, Jakarta Pusat', 'Jakarta', '1992-10-14'),
	(33, 3, 'Dr. Yoga Pramana', '127-242-3583', 'Jl. Veteran No. 12, Yogyakarta', 'Yogyakarta', '1974-03-07'),
	(34, 84, 'Dr. Nia Indriani', '184-384-7264', 'Jl. Slamet Riyadi No. 45, Solo', 'Solo', '1996-05-03'),
	(35, 27, 'Dr. Arman Syah', '126-724-7994', 'Jl. Pahlawan No. 9, Malang', 'Malang', '1980-11-14'),
	(36, 50, 'Dr. Devi Anggraini', '753-588-3432', 'Jl. Teuku Cik Ditiro No. 14, Jakarta Pusat', 'Jakarta', '1987-01-20'),
	(37, 15, 'Dr. Fahmi Rizki', '225-920-2502', 'Jl. K.H. Mas Mansyur No. 29, Jakarta Pusat', 'Jakarta', '1993-03-09'),
	(38, 77, 'Dr. Luki Setiawan', '150-173-8000', 'Jl. Pandanaran No. 17, Semarang', 'Semarang', '1963-10-06'),
	(39, 23, 'Dr. Mira Susanti', '184-891-2171', 'Jl. Cikapundung No. 22, Bandung', 'Bandung', '1983-01-04'),
	(40, 13, 'Dr. Yoga Saputra', '452-721-9725', 'Jl. Siliwangi No. 8, Bandung', 'Bandung', '1962-11-21'),
	(41, 25, 'Dr. Tuti Winarni', '267-353-8726', 'Jl. Banteng No. 15, Yogyakarta', 'Yogyakarta', '1994-12-17'),
	(42, 91, 'Dr. Rizki Pratama', '166-352-6834', 'Jl. Merak No. 12, Surabaya', 'Surabaya', '1975-01-16'),
	(43, 86, 'Dr. Nina Kartika', '194-222-6571', 'Jl. Kartini No. 7, Jakarta Pusat', 'Jakarta', '1982-02-13'),
	(44, 21, 'Dr. Aldi Nugraha', '926-901-2410', 'Jl. Diponegoro No. 18, Semarang', 'Semarang', '1997-11-17'),
	(45, 45, 'Dr. Maya Sari', '721-392-8384', 'Jl. Veteran No. 33, Malang', 'Malang', '2004-09-18'),
	(46, 52, 'Dr. Dodi Setiawan', '530-128-3545', 'Jl. Ahmad Yani No. 29, Surabaya', 'Surabaya', '1976-07-13'),
	(47, 90, 'Dr. Rina Puspita', '544-642-8414', 'Jl. Sudirman No. 45, Jakarta Selatan', 'Jakarta', '1992-12-23'),
	(48, 35, 'Dr. Yoga Maulana', '348-929-4451', 'Jl. Gajah Mada No. 17, Jakarta Barat', 'Jakarta', '1995-03-18'),
	(49, 20, 'Dr. Sari Indah', '410-897-4185', 'Jl. Suryakencana No. 22, Bogor', 'Bogor', '2002-03-22'),
	(50, 41, 'Dr. Fajar Nugroho', '774-396-2020', 'Jl. Pahlawan No. 14, Semarang', 'Semarang', '1982-05-08'),
	(51, 42, 'Dr. Andini Maharani', '891-235-6742', 'Jl. Gadjah Mada No. 19, Jakarta Barat', 'Jakarta', '1986-04-05'),
	(52, 12, 'Dr. Reza Kurniawan', '327-842-9051', 'Jl. Pangeran Antasari No. 5, Jakarta Selatan', 'Jakarta', '1989-11-02'),
	(53, 73, 'Dr. Della Septiani', '601-823-5598', 'Jl. Diponegoro No. 11, Surabaya', 'Surabaya', '1994-10-19'),
	(54, 60, 'Dr. Ivan Firmansyah', '412-937-1238', 'Jl. Siliwangi No. 21, Bandung', 'Bandung', '1988-07-23'),
	(55, 31, 'Dr. Lestari Widodo', '753-120-4390', 'Jl. Kolonel Masturi No. 10, Cimahi', 'Cimahi', '1979-12-01'),
	(56, 68, 'Dr. Hani Setyawati', '978-524-1034', 'Jl. Pemuda No. 30, Semarang', 'Semarang', '1980-06-15'),
	(57, 58, 'Dr. Rangga Saputra', '439-880-2509', 'Jl. Sudirman No. 60, Palembang', 'Palembang', '1991-01-27'),
	(58, 11, 'Dr. Vina Lestari', '388-712-3291', 'Jl. Asia Afrika No. 10, Bandung', 'Bandung', '1983-08-08'),
	(59, 1, 'Dr. Bagus Prasetyo', '826-994-1015', 'Jl. Soekarno Hatta No. 3, Malang', 'Malang', '1978-03-05'),
	(60, 30, 'Dr. Nia Kurniasih', '992-130-4057', 'Jl. Taman Sari No. 27, Bandung', 'Bandung', '1990-10-21'),
	(61, 46, 'Dr. Syahrul Ramadhan', '343-110-8049', 'Jl. Letjen S. Parman No. 8, Jakarta Barat', 'Jakarta', '1985-06-11'),
	(62, 4, 'Dr. Sari Utami', '471-381-9005', 'Jl. Majapahit No. 15, Surabaya', 'Surabaya', '1993-04-10'),
	(63, 65, 'Dr. Dian Sasmita', '672-922-8470', 'Jl. Simpang Lima No. 9, Semarang', 'Semarang', '1997-11-30'),
	(64, 29, 'Dr. Wahyu Hidayat', '704-883-1346', 'Jl. Bung Tomo No. 12, Surabaya', 'Surabaya', '1982-09-09'),
	(65, 83, 'Dr. Arini Wulandari', '620-393-5891', 'Jl. Slamet Riyadi No. 13, Solo', 'Solo', '1986-05-22'),
	(66, 24, 'Dr. Fikri Nugraha', '815-342-9501', 'Jl. Pasar Baru No. 11, Jakarta Pusat', 'Jakarta', '1995-08-15'),
	(67, 59, 'Dr. Nindi Ayu', '285-960-4013', 'Jl. Gajah Mada No. 50, Pontianak', 'Pontianak', '1975-07-07'),
	(68, 6, 'Dr. Wahyu Prasetya', '971-825-4039', 'Jl. Dr. Cipto No. 17, Cirebon', 'Cirebon', '1984-04-03'),
	(69, 10, 'Dr. Nindy Kartika', '467-584-2901', 'Jl. Imam Bonjol No. 7, Medan', 'Medan', '1987-10-12'),
	(70, 34, 'Dr. Riki Hartanto', '572-362-1700', 'Jl. Sisingamangaraja No. 8, Medan', 'Medan', '1992-12-09'),
	(71, 9, 'Dr. Weni Apriani', '358-290-8390', 'Jl. Tanjung Karang No. 12, Bandar Lampung', 'Bandar Lampung', '1981-06-18'),
	(72, 22, 'Dr. Aldi Herlambang', '743-180-9482', 'Jl. Taman Mini No. 3, Jakarta Timur', 'Jakarta', '1979-02-26'),
	(73, 55, 'Dr. Wulandari Sari', '392-517-8042', 'Jl. Margonda Raya No. 21, Depok', 'Depok', '1996-01-03'),
	(74, 64, 'Dr. Iqbal Maulana', '180-490-8375', 'Jl. KH Hasyim Ashari No. 5, Bekasi', 'Bekasi', '1983-03-13'),
	(75, 28, 'Dr. Citra Permata', '509-137-2483', 'Jl. Soedirman No. 6, Banjarmasin', 'Banjarmasin', '1990-07-07'),
	(76, 14, 'Dr. Kiki Adiyanti', '693-205-6794', 'Jl. K.H. Agus Salim No. 14, Bogor', 'Bogor', '1977-09-19'),
	(77, 57, 'Dr. Arfan Ramadhani', '439-719-5834', 'Jl. Cendrawasih No. 10, Makassar', 'Makassar', '1986-12-22'),
	(78, 36, 'Dr. Lintang Wardani', '571-364-2736', 'Jl. Gatot Subroto No. 13, Bali', 'Denpasar', '1993-10-26'),
	(79, 53, 'Dr. Hilman Fauzi', '819-238-4752', 'Jl. Pangeran Diponegoro No. 6, Palangkaraya', 'Palangkaraya', '1971-11-04'),
	(80, 33, 'Dr. Dewi Sartika', '216-593-7821', 'Jl. Gunung Sahari No. 9, Jakarta Utara', 'Jakarta', '1969-02-10'),
	(81, 74, 'Dr. Zainal Abidin', '784-294-1206', 'Jl. Ahmad Yani No. 17, Balikpapan', 'Balikpapan', '1980-01-22'),
	(82, 62, 'Dr. Ines Maharani', '324-175-8340', 'Jl. Sutomo No. 21, Medan', 'Medan', '1995-05-04'),
	(83, 75, 'Dr. Tommy Hendra', '488-302-7123', 'Jl. Kolonel Sugiono No. 4, Jakarta Timur', 'Jakarta', '1978-08-31'),
	(84, 37, 'Dr. Nadia Azhari', '821-643-9012', 'Jl. Kertajaya No. 22, Surabaya', 'Surabaya', '1993-06-07'),
	(85, 48, 'Dr. Robby Anggara', '690-123-6570', 'Jl. Asia Afrika No. 33, Bandung', 'Bandung', '1981-11-26'),
	(86, 99, 'Dr. Tya Ramadhani', '519-278-9036', 'Jl. Wijaya Kusuma No. 9, Solo', 'Solo', '1989-04-17'),
	(87, 100, 'Dr. Indra Sugiarto', '219-584-9083', 'Jl. Adi Sucipto No. 19, Yogyakarta', 'Yogyakarta', '1984-09-09'),
	(88, 43, 'Dr. Mega Lestari', '834-291-3702', 'Jl. Cendana No. 18, Jakarta Selatan', 'Jakarta', '1997-01-15'),
	(89, 78, 'Dr. Aditya Purnama', '623-394-7104', 'Jl. Dr. Wahidin No. 14, Semarang', 'Semarang', '1990-03-28'),
	(90, 44, 'Dr. Indah Kartini', '743-810-3952', 'Jl. Teuku Umar No. 19, Denpasar', 'Denpasar', '1991-12-03'),
	(91, 54, 'Dr. Yogi Saputro', '304-571-3981', 'Jl. Hasanudin No. 5, Bandung', 'Bandung', '1985-08-09'),
	(92, 94, 'Dr. Sari Putri', '183-957-2901', 'Jl. Basuki Rahmat No. 7, Surabaya', 'Surabaya', '1973-04-14'),
	(93, 61, 'Dr. Vino Ardiansyah', '920-481-7193', 'Jl. Suryo No. 11, Jakarta Selatan', 'Jakarta', '1976-10-01'),
	(94, 95, 'Dr. Maya Dewanti', '829-471-1348', 'Jl. Pemuda No. 14, Yogyakarta', 'Yogyakarta', '1982-07-12'),
	(95, 96, 'Dr. Rendy Firmansyah', '591-382-4208', 'Jl. Kemang Raya No. 5, Jakarta Selatan', 'Jakarta', '1994-03-17'),
	(96, 97, 'Dr. Widya Paramita', '705-128-9673', 'Jl. Soedirman No. 8, Surakarta', 'Surakarta', '1987-05-30'),
	(97, 67, 'Dr. Andra Pramudita', '403-267-8102', 'Jl. Taman Sari No. 6, Jakarta Pusat', 'Jakarta', '1990-06-22'),
	(98, 79, 'Dr. Gina Anggraini', '814-602-7509', 'Jl. Cihampelas No. 7, Bandung', 'Bandung', '1986-12-19'),
	(99, 69, 'Dr. Fitria Syafitri', '692-837-5823', 'Jl. Soekarno Hatta No. 33, Malang', 'Malang', '1974-11-01'),
	(100, 88, 'Dr. Ardi Nugroho', '327-102-9847', 'Jl. Jendral Sudirman No. 12, Palembang', 'Palembang', '1988-02-27');

-- Dumping structure for table klinik1.customer_service
CREATE TABLE IF NOT EXISTS `customer_service` (
  `ID_CS` int(11) NOT NULL,
  `ID_Poliklinik` int(11) DEFAULT NULL,
  `ID_Pasien` int(11) DEFAULT NULL,
  `Nama` varchar(100) DEFAULT NULL,
  `No_Handphone` varchar(15) DEFAULT NULL,
  `Tempat_Lahir` varchar(100) DEFAULT NULL,
  `Tanggal_Lahir` date DEFAULT NULL,
  `Alamat` text DEFAULT NULL,
  PRIMARY KEY (`ID_CS`),
  KEY `ID_Poliklinik` (`ID_Poliklinik`),
  KEY `ID_Pasien` (`ID_Pasien`),
  CONSTRAINT `customer_service_ibfk_1` FOREIGN KEY (`ID_Poliklinik`) REFERENCES `poliklinik` (`ID_Poliklinik`),
  CONSTRAINT `customer_service_ibfk_2` FOREIGN KEY (`ID_Pasien`) REFERENCES `pasien` (`ID_Pasien`)
) ENGINE=InnoDB DEFAULT CHARSET=utf8mb4 COLLATE=utf8mb4_0900_ai_ci;

-- Dumping data for table klinik1.customer_service: ~100 rows (approximately)
INSERT INTO `customer_service` (`ID_CS`, `ID_Poliklinik`, `ID_Pasien`, `Nama`, `No_Handphone`, `Tempat_Lahir`, `Tanggal_Lahir`, `Alamat`) VALUES
	(1, 37, 22, 'Amalia Pradana, M.Pd', '08500000001', 'Jakarta', '2014-04-12', 'Jl. Melati No.1 Jakarta'),
	(2, 39, 38, 'Asmuni Habibi', '08500000002', 'Bandung', '1996-10-25', 'Jl. Kenanga No.2 Bandung'),
	(3, 12, 32, 'Talia Haryanti', '08500000003', 'Surabaya', '1989-01-02', 'Jl. Mawar No.3 Surabaya'),
	(4, 30, 4, 'Wahyu Fujiati', '08500000004', 'Yogyakarta', '1988-07-07', 'Jl. Anggrek No.4 Yogyakarta'),
	(5, 27, 97, 'Michelle Maheswara, S.Farm', '08500000005', 'Medan', '2015-08-20', 'Jl. Cempaka No.5 Medan'),
	(6, 29, 93, 'Bahuraksa Lestari', '08500000006', 'Semarang', '1991-07-06', 'Jl. Dahlia No.6 Semarang'),
	(7, 38, 11, 'Hj. Michelle Sudiati', '08500000007', 'Malang', '1993-07-18', 'Jl. Teratai No.7 Malang'),
	(8, 31, 72, 'Cakrawangsa Jailani', '08500000008', 'Palembang', '2004-01-25', 'Jl. Sawo No.8 Palembang'),
	(9, 28, 33, 'Silvia Mandala', '08500000009', 'Balikpapan', '2014-06-25', 'Jl. Jambu No.9 Balikpapan'),
	(10, 10, 7, 'Tgk. Usyi Laksita', '08500000010', 'Makassar', '2001-08-01', 'Jl. Durian No.10 Makassar'),
	(11, 18, 10, 'Ajimat Putra', '08500000011', 'Padang', '2001-02-17', 'Jl. Rambutan No.11 Padang'),
	(12, 24, 35, 'Agus Ningrat', '08500000012', 'Bogor', '1985-04-11', 'Jl. Flamboyan No.12 Bogor'),
	(13, 5, 26, 'Endah Suartini', '08500000013', 'Solo', '2015-04-25', 'Jl. Nangka No.13 Solo'),
	(14, 37, 56, 'Harja Sitorus', '08500000014', 'Bekasi', '1985-06-20', 'Jl. Manggis No.14 Bekasi'),
	(15, 34, 19, 'Tirtayasa Waluyo', '08500000015', 'Tangerang', '2016-06-18', 'Jl. Pisang No.15 Tangerang'),
	(16, 27, 61, 'Kenari Purnawati', '08500000016', 'Cirebon', '1996-08-21', 'Jl. Apel No.16 Cirebon'),
	(17, 16, 43, 'Ayu Wulandari', '08500000017', 'Depok', '2013-02-17', 'Jl. Semangka No.17 Depok'),
	(18, 10, 24, 'Gilda Yuliarti', '08500000018', 'Pontianak', '2016-03-26', 'Jl. Sirsak No.18 Pontianak'),
	(19, 22, 49, 'Vanya Maulana', '08500000019', 'Jambi', '2002-10-26', 'Jl. Jeruk No.19 Jambi'),
	(20, 9, 92, 'R.A. Umi Mulyani', '08500000020', 'Pekanbaru', '2008-03-01', 'Jl. Alpukat No.20 Pekanbaru'),
	(21, 17, 25, 'Ratna Pratama', '08500000021', 'Denpasar', '1987-09-28', 'Jl. Duku No.21 Denpasar'),
	(22, 33, 86, 'Bakiman Tampubolon', '08500000022', 'Mataram', '1995-08-01', 'Jl. Delima No.22 Mataram'),
	(23, 29, 55, 'Oman Thamrin', '08500000023', 'Banda Aceh', '2007-09-12', 'Jl. Salak No.23 Banda Aceh'),
	(24, 30, 53, 'Gilang Merbabu', '08500000024', 'Tegal', '2012-02-13', 'Jl. Mangga No.24 Tegal'),
	(25, 8, 45, 'Cornelia Oktaviani', '08500000025', 'Purwokerto', '1987-08-13', 'Jl. Petai No.25 Purwokerto'),
	(26, 33, 98, 'Andi Ahmad', '08500000026', 'Jakarta', '1993-04-20', 'Jl. Melati No.26 Jakarta'),
	(27, 8, 15, 'Gatra Nababan', '08500000027', 'Bandung', '2010-12-24', 'Jl. Kenanga No.27 Bandung'),
	(28, 25, 95, 'Icha Yuliarti', '08500000028', 'Surabaya', '2005-09-17', 'Jl. Mawar No.28 Surabaya'),
	(29, 5, 73, 'Dewi Tingting', '08500000029', 'Yogyakarta', '2003-10-11', 'Jl. Anggrek No.29 Yogyakarta'),
	(30, 19, 37, 'Ikhsan Oktaviani', '08500000030', 'Medan', '2007-08-14', 'Jl. Cempaka No.30 Medan'),
	(31, 17, 79, 'Nasrullah Mayasari', '08500000031', 'Semarang', '2002-03-19', 'Jl. Dahlia No.31 Semarang'),
	(32, 12, 1, 'Harsanto Damanik', '08500000032', 'Malang', '2005-07-12', 'Jl. Teratai No.32 Malang'),
	(33, 35, 21, 'Ifa Riyanti', '08500000033', 'Palembang', '1994-11-16', 'Jl. Sawo No.33 Palembang'),
	(34, 14, 91, 'Raden Hidayanto', '08500000034', 'Balikpapan', '1993-12-04', 'Jl. Jambu No.34 Balikpapan'),
	(35, 15, 70, 'Ajiman Prabowo', '08500000035', 'Makassar', '1987-11-06', 'Jl. Durian No.35 Makassar'),
	(36, 21, 44, 'R.A. Ana Oktaviani, S.Kom', '08500000036', 'Padang', '1992-01-24', 'Jl. Rambutan No.36 Padang'),
	(37, 15, 2, 'Agus Dewa', '08500000037', 'Bogor', '1995-06-23', 'Jl. Flamboyan No.37 Bogor'),
	(38, 40, 13, 'Natalia Anggriawan', '08500000038', 'Solo', '1999-05-03', 'Jl. Nangka No.38 Solo'),
	(39, 1, 6, 'Hj. Eva Wijayanti', '08500000039', 'Bekasi', '2001-10-30', 'Jl. Manggis No.39 Bekasi'),
	(40, 26, 82, 'Salimah Rahimah', '08500000040', 'Tangerang', '2012-05-04', 'Jl. Pisang No.40 Tangerang'),
	(41, 13, 20, 'Alambana Nababan', '08500000041', 'Cirebon', '2006-01-01', 'Jl. Apel No.41 Cirebon'),
	(42, 3, 100, 'Ayu Putri', '08500000042', 'Depok', '2004-11-20', 'Jl. Semangka No.42 Depok'),
	(43, 1, 67, 'Taswir Ramadan', '08500000043', 'Pontianak', '2008-07-22', 'Jl. Sirsak No.43 Pontianak'),
	(44, 30, 77, 'Irma Salahudin', '08500000044', 'Jambi', '2000-03-07', 'Jl. Jeruk No.44 Jambi'),
	(45, 22, 50, 'Jasmin Hartati', '08500000045', 'Pekanbaru', '1998-02-02', 'Jl. Alpukat No.45 Pekanbaru'),
	(46, 10, 88, 'Yuni Utama', '08500000046', 'Denpasar', '2016-08-26', 'Jl. Duku No.46 Denpasar'),
	(47, 34, 12, 'Puti Jelita Setiawan', '08500000047', 'Mataram', '2013-11-23', 'Jl. Delima No.47 Mataram'),
	(48, 18, 76, 'Eli Haryanto', '08500000048', 'Banda Aceh', '2011-09-14', 'Jl. Salak No.48 Banda Aceh'),
	(49, 23, 94, 'Raden Salahudin', '08500000049', 'Tegal', '2007-04-28', 'Jl. Mangga No.49 Tegal'),
	(50, 14, 31, 'Kayla Thamrin', '08500000050', 'Purwokerto', '2015-01-11', 'Jl. Petai No.50 Purwokerto'),
	(51, 6, 99, 'Andi Wijayanto', '08500000051', 'Jakarta', '2017-05-22', 'Jl. Melati No.51 Jakarta'),
	(52, 28, 18, 'Tirta Prabowo', '08500000052', 'Bandung', '2006-07-05', 'Jl. Kenanga No.52 Bandung'),
	(53, 38, 16, 'Sutan Timbul Dongoran', '08500000053', 'Surabaya', '2005-10-20', 'Jl. Mawar No.53 Surabaya'),
	(54, 40, 40, 'Luwar Kusmawati, S.IP', '08500000054', 'Yogyakarta', '1997-06-17', 'Jl. Anggrek No.54 Yogyakarta'),
	(55, 9, 59, 'Mitra Wibisono', '08500000055', 'Medan', '1993-09-19', 'Jl. Cempaka No.55 Medan'),
	(56, 11, 84, 'Cut Zalindra Setiawan', '08500000056', 'Semarang', '2007-11-29', 'Jl. Dahlia No.56 Semarang'),
	(57, 4, 63, 'Hafshah Kuswandari', '08500000057', 'Malang', '2005-02-28', 'Jl. Teratai No.57 Malang'),
	(58, 39, 71, 'Rafid Nasyiah', '08500000058', 'Palembang', '1999-06-14', 'Jl. Sawo No.58 Palembang'),
	(59, 16, 14, 'Martaka Mulyani', '08500000059', 'Balikpapan', '2001-12-09', 'Jl. Jambu No.59 Balikpapan'),
	(60, 11, 8, 'Lukman Pradana', '08500000060', 'Makassar', '2004-09-16', 'Jl. Durian No.60 Makassar'),
	(61, 23, 64, 'Ophelia Mulyani', '08500000061', 'Padang', '1998-08-27', 'Jl. Rambutan No.61 Padang'),
	(62, 20, 28, 'Agus Sarkas', '08500000062', 'Bogor', '1996-03-31', 'Jl. Flamboyan No.62 Bogor'),
	(63, 29, 29, 'Raisa Siregar', '08500000063', 'Solo', '1994-01-18', 'Jl. Nangka No.63 Solo'),
	(64, 2, 5, 'Wirda Pranowo', '08500000064', 'Bekasi', '2012-02-22', 'Jl. Manggis No.64 Bekasi'),
	(65, 9, 52, 'Irwan Nasyiah', '08500000065', 'Tangerang', '2010-07-21', 'Jl. Pisang No.65 Tangerang'),
	(66, 18, 3, 'Caraka Wijayanti', '08500000066', 'Cirebon', '2017-05-20', 'Jl. Apel No.66 Cirebon'),
	(67, 40, 42, 'Vicky Utami', '08500000067', 'Depok', '2009-12-03', 'Jl. Semangka No.67 Depok'),
	(68, 21, 51, 'Hardi Maryadi', '08500000068', 'Pontianak', '2011-10-28', 'Jl. Sirsak No.68 Pontianak'),
	(69, 20, 96, 'Gilda Hutapea', '08500000069', 'Jambi', '2012-05-09', 'Jl. Jeruk No.69 Jambi'),
	(70, 20, 48, 'Safina Natsir', '08500000070', 'Pekanbaru', '2015-09-10', 'Jl. Alpukat No.70 Pekanbaru'),
	(71, 35, 85, 'Tiara Prasetyo', '08500000071', 'Denpasar', '2016-08-15', 'Jl. Duku No.71 Denpasar'),
	(72, 28, 9, 'Sakti Nashiruddin', '08500000072', 'Mataram', '2008-01-01', 'Jl. Delima No.72 Mataram'),
	(73, 36, 41, 'Ghaliyati Dongoran', '08500000073', 'Banda Aceh', '2004-11-10', 'Jl. Salak No.73 Banda Aceh'),
	(74, 4, 36, 'Gilang Tiktok', '08500000074', 'Tegal', '2007-04-16', 'Jl. Mangga No.74 Tegal'),
	(75, 3, 83, 'Pia Marbun', '08500000075', 'Purwokerto', '2002-02-20', 'Jl. Petai No.75 Purwokerto'),
	(76, 1, 17, 'Andi Wijaya Kusuma', '08500000076', 'Jakarta', '1995-09-23', 'Jl. Melati No.76 Jakarta'),
	(77, 7, 90, 'Reza Lestari', '08500000077', 'Bandung', '1991-05-13', 'Jl. Kenanga No.77 Bandung'),
	(78, 6, 78, 'Gatot Firmansyah', '08500000078', 'Surabaya', '2010-06-29', 'Jl. Mawar No.78 Surabaya'),
	(79, 19, 23, 'Devi Wasita', '08500000079', 'Yogyakarta', '2003-03-21', 'Jl. Anggrek No.79 Yogyakarta'),
	(80, 32, 54, 'Yuliana Permata', '08500000080', 'Medan', '2014-09-19', 'Jl. Cempaka No.80 Medan'),
	(81, 15, 27, 'Gina Mardhiyah', '08500000081', 'Semarang', '1999-02-02', 'Jl. Dahlia No.81 Semarang'),
	(82, 32, 46, 'Unjani Agustina', '08500000082', 'Malang', '1997-01-07', 'Jl. Teratai No.82 Malang'),
	(83, 13, 39, 'Yahya Salahudin', '08500000083', 'Palembang', '2002-12-01', 'Jl. Sawo No.83 Palembang'),
	(84, 24, 34, 'Laila Hartati', '08500000084', 'Balikpapan', '2011-05-23', 'Jl. Jambu No.84 Balikpapan'),
	(85, 8, 75, 'Bella Natsir', '08500000085', 'Makassar', '2014-11-03', 'Jl. Durian No.85 Makassar'),
	(86, 32, 57, 'Yuliana Pangestu', '08500000086', 'Padang', '2005-07-18', 'Jl. Rambutan No.86 Padang'),
	(87, 13, 87, 'Agus Satir', '08500000087', 'Bogor', '2016-06-21', 'Jl. Flamboyan No.87 Bogor'),
	(88, 33, 60, 'Mala Iswahyudi', '08500000088', 'Solo', '2015-08-10', 'Jl. Nangka No.88 Solo'),
	(89, 36, 66, 'Restu Hidayanto', '08500000089', 'Bekasi', '2017-04-27', 'Jl. Manggis No.89 Bekasi'),
	(90, 24, 69, 'Siti Saragih', '08500000090', 'Tangerang', '2013-01-15', 'Jl. Pisang No.90 Tangerang'),
	(91, 26, 81, 'Mursita Yuliarti', '08500000091', 'Cirebon', '2012-11-11', 'Jl. Apel No.91 Cirebon'),
	(92, 31, 74, 'Ayu Fallen', '08500000092', 'Depok', '2011-10-10', 'Jl. Semangka No.92 Depok'),
	(93, 17, 65, 'Hasan Mahendra', '08500000093', 'Pontianak', '2000-09-09', 'Jl. Sirsak No.93 Pontianak'),
	(94, 35, 58, 'Michelle Suwarno', '08500000094', 'Jambi', '2007-08-08', 'Jl. Jeruk No.94 Jambi'),
	(95, 25, 62, 'Dimaz Safitri', '08500000095', 'Pekanbaru', '2008-07-07', 'Jl. Alpukat No.95 Pekanbaru'),
	(96, 7, 47, 'Eva Sinaga', '08500000096', 'Denpasar', '2004-06-06', 'Jl. Duku No.96 Denpasar'),
	(97, 22, 30, 'Amalia Usada', '08500000097', 'Mataram', '1999-05-05', 'Jl. Delima No.97 Mataram'),
	(98, 2, 89, 'Salsa Nilar', '08500000098', 'Banda Aceh', '1997-04-04', 'Jl. Salak No.98 Banda Aceh'),
	(99, 3, 80, 'Banawa Marbun', '08500000099', 'Tegal', '2006-03-03', 'Jl. Mangga No.99 Tegal'),
	(100, 25, 68, 'Ami Hardiansyah', '08500000100', 'Purwokerto', '2003-02-02', 'Jl. Petai No.100 Purwokerto');

-- Dumping structure for table klinik1.dokter
CREATE TABLE IF NOT EXISTS `dokter` (
  `ID_Dokter` int(11) NOT NULL,
  `ID_Poliklinik` int(11) DEFAULT NULL,
  `ID_Registrasi` int(11) DEFAULT NULL,
  `Nama` varchar(100) DEFAULT NULL,
  `Spesialisasi` varchar(100) DEFAULT NULL,
  PRIMARY KEY (`ID_Dokter`),
  KEY `ID_Poliklinik` (`ID_Poliklinik`),
  KEY `ID_Registrasi` (`ID_Registrasi`),
  CONSTRAINT `dokter_ibfk_1` FOREIGN KEY (`ID_Poliklinik`) REFERENCES `poliklinik` (`ID_Poliklinik`),
  CONSTRAINT `dokter_ibfk_2` FOREIGN KEY (`ID_Registrasi`) REFERENCES `registrasi_pasien` (`ID_Registrasi`)
) ENGINE=InnoDB DEFAULT CHARSET=utf8mb4 COLLATE=utf8mb4_0900_ai_ci;

-- Dumping data for table klinik1.dokter: ~100 rows (approximately)
INSERT INTO `dokter` (`ID_Dokter`, `ID_Poliklinik`, `ID_Registrasi`, `Nama`, `Spesialisasi`) VALUES
	(1, 24, 45, 'Dr. Lina Saputra Sp.A', 'Anak '),
	(2, 31, 5, 'Dr. Lina Santoso Sp.OT', 'Ortopedi dan Traumatologi'),
	(3, 10, 100, 'Dr. Dian Yulianto Sp.OG', 'Obstetri dan Ginekologi'),
	(4, 37, 19, 'Dr. Rian Pratama Sp.PD', 'Penyakit Dalam'),
	(5, 14, 94, 'Dr. Indra Yulianto Sp.Rad', 'Radiologi'),
	(6, 20, 16, 'Dr. Tono Lestari Sp.Onk', 'Onkologi'),
	(7, 17, 57, 'Dr. Eka Kusuma Sp.JP', 'Jantung dan Pembuluh Darah'),
	(8, 9, 13, 'Dr. Putri Kusuma Sp.KJ', 'Kedokteran Jiwa'),
	(9, 39, 95, 'Dr. Citra Santoso Sp.BPRE', 'Bedah Plastik Rekonstruksi dan Estetik '),
	(10, 17, 42, 'Dr. Eka Yulianto Sp.JP', 'Jantung dan Pembuluh Darah'),
	(11, 37, 67, 'Dr. Kiki Mahendra Sp.PD', 'Penyakit Dalam'),
	(12, 12, 85, 'Dr. Kiki Rahmawati Sp.P', 'Paru'),
	(13, 20, 46, 'Dr. Maya Rahmawati Sp.Onk', 'Onkologi'),
	(14, 39, 11, 'Dr. Gina Lestari Sp.BPRE', 'Bedah Plastik Rekonstruksi dan Estetik '),
	(15, 1, 20, 'Dr. Joko Santoso Sp.A', 'Anak '),
	(16, 27, 92, 'Dr. Kiki Pratama Sp.PD-KGH', 'Penyakit Dalam Konsultan Ginjal-Hipertensi'),
	(17, 17, 27, 'Dr. Dian Kusuma Sp.JP', 'Jantung dan Pembuluh Darah'),
	(18, 2, 49, 'Dr. Andi Mahendra Sp.B', 'Bedah'),
	(19, 26, 47, 'Dr. Nina Santoso Sp.PD-KHOM', 'Penyakit Dalam Konsultan Hematologi-Onkologi Medik'),
	(20, 35, 52, 'Dr. Maya Wijaya Sp.EM', 'Emergensi Medik'),
	(21, 22, 90, 'Dr. Oscar Pratama Sp.KJ', 'Kedokteran Jiwa'),
	(22, 36, 72, 'Dr. Indra Kusuma Sp.OG', 'Obstetri dan Ginekologi'),
	(23, 29, 9, 'Dr. Lina Mahendra Sp.OG', 'Obstetri dan Ginekologi'),
	(24, 9, 50, 'Dr. Nina Kusuma Sp.KJ', 'Kedokteran Jiwa'),
	(25, 5, 31, 'Dr. Andi Pratama Sp.DVE', 'Dermatologi, Venereologi, dan Estetika'),
	(26, 5, 70, 'Dr. Sari Wijaya Sp.KK', ' Kulit dan Kelamin'),
	(27, 24, 22, 'Dr. Andi Mahendra Sp.A', 'Anak '),
	(28, 7, 61, 'Dr. Maya Wijaya Sp.BS', 'Bedah Saraf'),
	(29, 19, 75, 'Dr. Dian Mahendra Sp.PD-KGer', 'Geriatri'),
	(30, 4, 86, 'Dr. Gina Pratama OD', 'Mata'),
	(31, 29, 91, 'Dr. Umar Rahmawati Sp.OG', 'Obstetri dan Ginekologi'),
	(32, 26, 48, 'Dr. Fajar Pratama Sp.PD-KHOM', 'Penyakit Dalam Konsultan Hematologi-Onkologi Medik'),
	(33, 2, 77, 'Dr. Indra Pratama Sp.B', 'Bedah'),
	(34, 32, 26, 'Dr. Fajar Saputra Sp.Rad', 'Radiologi'),
	(35, 14, 53, 'Dr. Umar Kusuma Sp.Rad', 'Radiologi'),
	(36, 32, 66, 'Dr. Joko Kusuma Sp.Rad', 'Radiologi'),
	(37, 25, 84, 'Dr. Hadi Gunawan Sp.OT', 'Ortopedi dan Traumatologi'),
	(38, 28, 3, 'Dr. Maya Lestari Sp.PD-KPTI', 'Penyakit Dalam Konsultan Penyakit Tropik Infeksi'),
	(39, 8, 15, 'Dr. Budi Kusuma Sp.T.H.T.B.K.', 'Telinga Hidung Tenggorok, Bedah Kepala Leher'),
	(40, 30, 56, 'Dr. Putri Lestari Sp.GK', 'Gizi Klinik '),
	(41, 3, 65, 'Dr. Maya Wijaya Sp.BMMF', 'Bedah Mulut dan Maksilofasial'),
	(42, 19, 63, 'Dr. Putri Yulianto Sp.PD-KGer', 'Geriatri'),
	(43, 21, 24, 'Dr. Budi Wijaya Sp.A(K)', 'Anak Konsultan Neonatologi'),
	(44, 13, 36, 'Dr. Maya Gunawan Sp.GK', 'Gizi Klinik '),
	(45, 34, 38, 'Dr. Citra Yulianto Sp.PA', 'Patologi Anatomi'),
	(46, 28, 21, 'Dr. Indra Gunawan Sp.PD-KPTI', 'Penyakit Dalam Konsultan Penyakit Tropik Infeksi'),
	(47, 12, 2, 'Dr. Hadi Wijaya Sp.P', 'Paru'),
	(48, 6, 68, 'Dr. Hadi Lestari Sp.PD', 'Penyakit Dalam'),
	(49, 30, 44, 'Dr. Budi Kusuma Sp.GK', 'Gizi Klinik '),
	(50, 11, 81, 'Dr. Lina Pratama Sp.K.F.R.', 'Kedokteran Fisik dan Rehabilitasi'),
	(51, 13, 33, 'Dr. Sari Pratama Sp.GK', 'Gizi Klinik '),
	(52, 3, 73, 'Dr. Gina Lestari Sp.KG', 'Konservasi Gigi'),
	(53, 8, 6, 'Dr. Rian Pratama THT', 'Telinga Hidung Tenggorokan'),
	(54, 34, 64, 'Dr. Maya Wijaya Sp.PK', 'Patologi Klinik'),
	(55, 3, 29, 'Dr. Putri Kusuma Sp.PM', 'Penyakit Mulut'),
	(56, 11, 32, 'Dr. Lina Gunawan Sp.K.F.R.', 'Kedokteran Fisik dan Rehabilitasi'),
	(57, 13, 83, 'Dr. Tono Mahendra Sp.GK', 'Gizi Klinik '),
	(58, 18, 14, 'Dr. Citra Rahmawati Sp.PD-KEMD', 'Penyakit Dalam Konsultan Endokrin-Metabolik-Diabetes'),
	(59, 21, 8, 'Dr. Sari Rahmawati Sp.A(K)', 'Anak Konsultan Neonatologi'),
	(60, 1, 58, 'Dr. Budi Mahendra Sp.A', 'Anak '),
	(61, 4, 76, 'Dr. Hadi Lestari Sp.M', 'Mata'),
	(62, 7, 17, 'Dr. Lina Saputra Sp.N', 'Neurologi'),
	(63, 22, 59, 'Dr. Maya Mahendra Sp.KJ', 'Kedokteran Jiwa'),
	(64, 30, 40, 'Dr. Citra Wijaya Sp.GK', 'Gizi Klinik '),
	(65, 15, 28, 'Dr. Indra Wijaya Sp.U', 'Urologi'),
	(66, 15, 96, 'Dr. Putri Gunawan Sp.U', 'Urologi'),
	(67, 33, 18, 'Dr. Sari Wijaya Sp.KJ', 'Kedokteran Jiwa'),
	(68, 10, 4, 'Dr. Oscar Lestari Sp.OG', 'Obstetri dan Ginekologi'),
	(69, 24, 60, 'Dr. Maya Lestari Sp.A', 'Anak '),
	(70, 16, 78, 'Dr. Lina Kusuma Sp.An-TI', 'nestesiologi dan Terapi Intensif'),
	(71, 6, 35, 'Dr. Dian Kusuma Sp.PD', 'Penyakit Dalam'),
	(72, 29, 10, 'Dr. Lina Pratama Sp.OG', 'Obstetri dan Ginekologi'),
	(73, 38, 12, 'Dr. Indra Yulianto Sp.DVE', 'Dermatologi, Venereologi, dan Estetika'),
	(74, 38, 41, 'Dr. Tono Pratama Sp.DVE', 'Dermatologi, Venereologi, dan Estetika'),
	(75, 22, 71, 'Dr. Umar Mahendra Sp.KJ', 'Kedokteran Jiwa'),
	(76, 33, 43, 'Dr. Hadi Pratama Sp.KJ', 'Kedokteran Jiwa'),
	(77, 36, 37, 'Dr. Lina Gunawan Sp.OG', 'Obstetri dan Ginekologi'),
	(78, 35, 1, 'Dr. Citra Mahendra Sp.EM', 'Emergensi Medik'),
	(79, 9, 7, 'Dr. Tono Yulianto Sp.KJ', 'Kedokteran Jiwa'),
	(80, 8, 69, 'Dr. Maya Kusuma Sp.T.H.T.B.K.', 'Telinga Hidung Tenggorok, Bedah Kepala Leher'),
	(81, 23, 97, 'Dr. Putri Yulianto Sp.KO', 'Kedokteran Olahraga'),
	(82, 27, 55, 'Dr. Sari Mahendra Sp.A(K)', 'Nefrologi'),
	(83, 35, 93, 'Dr. Gina Gunawan Sp.EM', 'Emergensi Medik'),
	(84, 40, 98, ' Dr. Bimba Labu Sp.PA', 'Patologi Anatomi'),
	(85, 28, 25, 'Dr. Rian Wijaya Sp.PD-KPTI', 'Penyakit Dalam Konsultan Penyakit Tropik Infeksi'),
	(86, 23, 34, 'Dr. Citra Yulianto Sp.K.F.R.', ' Kedokteran Fisik dan Rehabilitasi'),
	(87, 15, 79, 'Dr. Kiki Kusuma Sp.U', 'Urologi'),
	(88, 1, 99, 'Dr. Dian Wijaya Sp.A', 'Anak '),
	(89, 33, 80, 'Dr. Gina Lestari Sp.KJ', 'Kedokteran Jiwa'),
	(90, 40, 87, 'Dr. Putri Pratama Sp.PA', 'Patologi Anatomi'),
	(91, 16, 23, 'Dr. Indra Lestari Sp.An-TI', 'nestesiologi dan Terapi Intensif'),
	(92, 18, 30, 'Dr. Hadi Mahendra Sp.PD-KEMD', 'Penyakit Dalam Konsultan Endokrin-Metabolik-Diabetes'),
	(93, 25, 82, 'Dr. Maya Pratama Sp.KO', 'Kedokteran Olahraga'),
	(94, 31, 88, 'Dr. Lina Lestari Sp.OT', 'Ortopedi dan Traumatologi'),
	(95, 32, 89, 'Dr. Jhon Ningrat Sp.PA', 'Patologi Anatomi'),
	(96, 20, 39, 'Dr. Rian Mahendra Sp.Onk', 'Onkologi'),
	(97, 18, 74, 'Dr. Putri Rahmawati Sp.PD-KEMD', 'Penyakit Dalam Konsultan Endokrin-Metabolik-Diabetes'),
	(98, 40, 51, 'Dr. Andi Wijaya Sp.PA', 'Patologi Anatomi'),
	(99, 10, 62, 'Dr. Budi Pratama Sp.OG', 'Obstetri dan Ginekologi'),
	(100, 25, 54, 'Dr. Kiki Rahmawati Sp.OT', 'Ortopedi dan Traumatologi');

-- Dumping structure for table klinik1.jadwal
CREATE TABLE IF NOT EXISTS `jadwal` (
  `ID_Jadwal` int(11) NOT NULL,
  `ID_Dokter` int(11) DEFAULT NULL,
  `ID_Pasien` int(11) DEFAULT NULL,
  `ID_Poliklinik` int(11) DEFAULT NULL,
  `Tanggal` date DEFAULT NULL,
  PRIMARY KEY (`ID_Jadwal`),
  KEY `ID_Dokter` (`ID_Dokter`),
  KEY `ID_Pasien` (`ID_Pasien`),
  KEY `ID_Poliklinik` (`ID_Poliklinik`),
  CONSTRAINT `jadwal_ibfk_1` FOREIGN KEY (`ID_Dokter`) REFERENCES `dokter` (`ID_Dokter`),
  CONSTRAINT `jadwal_ibfk_2` FOREIGN KEY (`ID_Pasien`) REFERENCES `pasien` (`ID_Pasien`),
  CONSTRAINT `jadwal_ibfk_3` FOREIGN KEY (`ID_Poliklinik`) REFERENCES `poliklinik` (`ID_Poliklinik`)
) ENGINE=InnoDB DEFAULT CHARSET=utf8mb4 COLLATE=utf8mb4_0900_ai_ci;

-- Dumping data for table klinik1.jadwal: ~100 rows (approximately)
INSERT INTO `jadwal` (`ID_Jadwal`, `ID_Dokter`, `ID_Pasien`, `ID_Poliklinik`, `Tanggal`) VALUES
	(1, 1, 69, 24, '2025-06-01'),
	(2, 15, 6, 1, '2025-06-02'),
	(3, 24, 59, 9, '2025-06-03'),
	(4, 78, 85, 35, '2025-06-04'),
	(5, 43, 51, 21, '2025-06-05'),
	(6, 56, 84, 11, '2025-06-06'),
	(7, 92, 10, 18, '2025-06-07'),
	(8, 34, 54, 32, '2025-06-08'),
	(9, 67, 86, 33, '2025-06-09'),
	(10, 5, 91, 14, '2025-06-10'),
	(11, 19, 81, 26, '2025-06-11'),
	(12, 88, 67, 1, '2025-06-12'),
	(13, 26, 26, 5, '2025-06-13'),
	(14, 72, 29, 29, '2025-06-14'),
	(15, 37, 95, 25, '2025-06-15'),
	(16, 49, 53, 30, '2025-06-16'),
	(17, 83, 21, 35, '2025-06-17'),
	(18, 14, 71, 39, '2025-06-18'),
	(19, 61, 36, 4, '2025-06-19'),
	(20, 97, 3, 18, '2025-06-20'),
	(21, 22, 66, 36, '2025-06-21'),
	(22, 53, 15, 8, '2025-06-22'),
	(23, 8, 92, 9, '2025-06-23'),
	(24, 45, 19, 34, '2025-06-24'),
	(25, 76, 98, 33, '2025-06-25'),
	(26, 29, 23, 19, '2025-06-26'),
	(27, 94, 74, 31, '2025-06-27'),
	(28, 11, 22, 37, '2025-06-28'),
	(29, 68, 7, 10, '2025-06-29'),
	(30, 33, 5, 2, '2025-06-30'),
	(31, 79, 52, 9, '2025-07-01'),
	(32, 6, 48, 20, '2025-07-02'),
	(33, 42, 37, 19, '2025-07-03'),
	(34, 91, 14, 16, '2025-07-04'),
	(35, 27, 34, 24, '2025-07-05'),
	(36, 55, 83, 3, '2025-07-06'),
	(37, 13, 28, 20, '2025-07-07'),
	(38, 64, 4, 30, '2025-07-08'),
	(39, 99, 88, 10, '2025-07-09'),
	(40, 38, 18, 28, '2025-07-10'),
	(41, 71, 99, 6, '2025-07-11'),
	(42, 2, 72, 31, '2025-07-12'),
	(43, 57, 87, 13, '2025-07-13'),
	(44, 85, 9, 28, '2025-07-14'),
	(45, 23, 93, 29, '2025-07-15'),
	(46, 46, 33, 28, '2025-07-16'),
	(47, 89, 60, 33, '2025-07-17'),
	(48, 16, 61, 27, '2025-07-18'),
	(49, 63, 50, 22, '2025-07-19'),
	(50, 95, 46, 32, '2025-07-20'),
	(51, 31, 55, 29, '2025-07-21'),
	(52, 54, 12, 34, '2025-07-22'),
	(53, 7, 79, 17, '2025-07-23'),
	(54, 82, 97, 27, '2025-07-24'),
	(55, 35, 31, 14, '2025-07-25'),
	(56, 69, 35, 24, '2025-07-26'),
	(57, 12, 1, 12, '2025-07-27'),
	(58, 48, 78, 6, '2025-07-28'),
	(59, 93, 68, 25, '2025-07-29'),
	(60, 28, 47, 7, '2025-07-30'),
	(61, 74, 16, 38, '2025-07-31'),
	(62, 3, 24, 10, '2025-08-01'),
	(63, 58, 76, 18, '2025-08-02'),
	(64, 87, 27, 15, '2025-08-03'),
	(65, 41, 80, 3, '2025-08-04'),
	(66, 66, 70, 15, '2025-08-05'),
	(67, 9, 38, 39, '2025-08-06'),
	(68, 52, 100, 3, '2025-08-07'),
	(69, 96, 96, 20, '2025-08-08'),
	(70, 17, 25, 17, '2025-08-09'),
	(71, 62, 90, 7, '2025-08-10'),
	(72, 84, 42, 40, '2025-08-11'),
	(73, 39, 75, 8, '2025-08-12'),
	(74, 73, 11, 38, '2025-08-13'),
	(75, 4, 56, 37, '2025-08-14'),
	(76, 59, 44, 21, '2025-08-15'),
	(77, 86, 94, 23, '2025-08-16'),
	(78, 21, 30, 22, '2025-08-17'),
	(79, 47, 32, 12, '2025-08-18'),
	(80, 98, 40, 40, '2025-08-19'),
	(81, 32, 82, 26, '2025-08-20'),
	(82, 65, 2, 15, '2025-08-21'),
	(83, 10, 65, 17, '2025-08-22'),
	(84, 51, 20, 13, '2025-08-23'),
	(85, 77, 41, 36, '2025-08-24'),
	(86, 20, 58, 35, '2025-08-25'),
	(87, 44, 39, 13, '2025-08-26'),
	(88, 90, 13, 40, '2025-08-27'),
	(89, 25, 73, 5, '2025-08-28'),
	(90, 60, 17, 1, '2025-08-29'),
	(91, 81, 64, 23, '2025-08-30'),
	(92, 36, 57, 32, '2025-08-31'),
	(93, 70, 43, 16, '2025-09-01'),
	(94, 100, 62, 25, '2025-09-02'),
	(95, 50, 8, 11, '2025-09-03'),
	(96, 75, 49, 22, '2025-09-04'),
	(97, 18, 89, 2, '2025-09-05'),
	(98, 40, 77, 30, '2025-09-06'),
	(99, 80, 45, 8, '2025-09-07'),
	(100, 30, 63, 4, '2025-09-08');

-- Dumping structure for table klinik1.kasir
CREATE TABLE IF NOT EXISTS `kasir` (
  `ID_Kasir` int(11) NOT NULL,
  `ID_Pasien` int(11) DEFAULT NULL,
  `ID_Obat` int(11) DEFAULT NULL,
  `ID_Apoteker` int(11) DEFAULT NULL,
  `Nama` varchar(100) DEFAULT NULL,
  `No_Handphone` varchar(15) DEFAULT NULL,
  PRIMARY KEY (`ID_Kasir`),
  KEY `ID_Pasien` (`ID_Pasien`),
  KEY `ID_Obat` (`ID_Obat`),
  KEY `ID_Apoteker` (`ID_Apoteker`),
  CONSTRAINT `kasir_ibfk_1` FOREIGN KEY (`ID_Pasien`) REFERENCES `pasien` (`ID_Pasien`),
  CONSTRAINT `kasir_ibfk_2` FOREIGN KEY (`ID_Obat`) REFERENCES `obat` (`ID_Obat`),
  CONSTRAINT `kasir_ibfk_3` FOREIGN KEY (`ID_Apoteker`) REFERENCES `apoteker` (`ID_Apoteker`)
) ENGINE=InnoDB DEFAULT CHARSET=utf8mb4 COLLATE=utf8mb4_0900_ai_ci;

-- Dumping data for table klinik1.kasir: ~100 rows (approximately)
INSERT INTO `kasir` (`ID_Kasir`, `ID_Pasien`, `ID_Obat`, `ID_Apoteker`, `Nama`, `No_Handphone`) VALUES
	(1, 51, 65, 11, 'R. Edward Marpaung', '0811111111'),
	(2, 67, 2, 97, 'Cecep Utami', '0822222222'),
	(3, 78, 87, 89, 'Rina Prakasa', '0833333333'),
	(4, 76, 12, 1, 'Dodo Rahmawati', '0844444444'),
	(5, 56, 34, 23, 'Wirda Sihombing', '0855555555'),
	(6, 87, 89, 25, 'Drs. Reza Pangestu', '0866666666'),
	(7, 27, 9, 35, 'Hartaka Prasetya', '0877777777'),
	(8, 66, 43, 31, 'KH. Panji Rahayu', '0888888888'),
	(9, 83, 21, 65, 'Tgk. Dirja Najmudin', '0899999999'),
	(10, 13, 56, 40, 'drg. Karen Iswahyudi', '0810101010'),
	(11, 37, 3, 84, 'Siska Puspasari', '0811111112'),
	(12, 54, 17, 91, 'Raisa Dongoran,', '0812121212'),
	(13, 40, 29, 16, 'KH. Ilyas Prabowo', '0813131313'),
	(14, 80, 41, 7, 'Olivia Widiastuti', '0814141414'),
	(15, 15, 5, 37, 'Yuni Mandasari', '0815151515'),
	(16, 9, 67, 71, 'Cut Sakura Sihombing', '0816161616'),
	(17, 3, 19, 33, 'Oni Januar', '0817171717'),
	(18, 42, 32, 51, 'Ophelia Tarihoran', '0818181818'),
	(19, 29, 44, 64, 'Agus Wastuti', '0819191919'),
	(20, 58, 8, 57, 'Dr. Galang Nasyiah', '0820202020'),
	(21, 74, 71, 81, 'H. Cahyanto Uwais', '0821212121'),
	(22, 69, 13, 99, 'Cici Setiawan', '0822222223'),
	(23, 49, 25, 21, 'Rosman Ardianto', '0823232323'),
	(24, 82, 37, 3, 'Eka Salahudin', '0824242424'),
	(25, 59, 49, 67, 'Lasmanto Nababan', '0825252525'),
	(26, 28, 61, 75, 'Halim Astuti', '0826262626'),
	(27, 16, 73, 32, 'Drs. Sakti Kuswoyo', '0827272727'),
	(28, 60, 85, 54, 'Lasmanto Napitupulu', '0828282828'),
	(29, 26, 97, 19, 'Yono Namaga', '0829292929'),
	(30, 17, 7, 28, 'Zahra Puspasari', '0830303030'),
	(31, 48, 28, 85, 'Cici Rahimah', '0831313131'),
	(32, 97, 59, 96, 'Lidya Nurdiyanti', '0832323232'),
	(33, 43, 53, 88, 'Adikara Mangunsong', '0833333334'),
	(34, 38, 58, 9, 'Estiono Handayani', '0834343434'),
	(35, 31, 55, 55, 'R.M. Dipa Suartini', '0835353535'),
	(36, 7, 92, 26, 'Jelita Nainggolan', '0836363636'),
	(37, 91, 94, 42, 'Dimas Permata', '0837373737'),
	(38, 73, 16, 53, 'Darijan Haryanti', '0838383838'),
	(39, 10, 18, 69, 'R. Ami Halim', '0839393939'),
	(40, 45, 40, 45, 'Luwes Rajasa', '0840404040'),
	(41, 75, 60, 83, 'Jail Puspasari', '0841414141'),
	(42, 94, 69, 92, 'H. Gantar Sihombing', '0842424242'),
	(43, 89, 66, 20, 'Tri Oktaviani', '0843434343'),
	(44, 2, 77, 6, 'Asirwanda Pangestu', '0844444445'),
	(45, 68, 90, 56, 'Yessi Pradipta', '0845454545'),
	(46, 55, 11, 73, 'Mala Tarihoran', '0846464646'),
	(47, 1, 23, 59, 'Kania Kusmawati', '0847474747'),
	(48, 12, 35, 52, 'Anastasia Yolanda', '0848484848'),
	(49, 53, 48, 79, 'Anastasia Santoso', '0849494949'),
	(50, 90, 68, 47, 'Queen Purwanti', '0850505050'),
	(51, 33, 62, 80, 'Tgk. Darijan Winarsih', '0851515151'),
	(52, 79, 84, 98, 'Ega Ramadan', '0852525252'),
	(53, 98, 93, 22, 'Digdaya Latupono', '0853535353'),
	(54, 72, 100, 5, 'Puti Betania Wahyudin', '0854545454'),
	(55, 32, 20, 30, 'Hafshah Budiman', '0855555556'),
	(56, 64, 31, 74, 'Nalar Saragih', '0856565656'),
	(57, 84, 45, 34, 'Lembah Mustofa', '0857575757'),
	(58, 35, 46, 48, 'Gina Thamrin', '0858585858'),
	(59, 4, 75, 62, 'Irma Pertiwi', '0859595959'),
	(60, 52, 70, 46, 'Anggabaya Prasetyo', '0860606060'),
	(61, 36, 82, 78, 'dr. Paris Pratama', '0861616161'),
	(62, 96, 99, 95, 'Candrakanta Yuliarti', '0862626262'),
	(63, 63, 6, 14, 'Silvia Padmasari', '0863636363'),
	(64, 70, 33, 10, 'Dr. Gilang Pangestu', '0864646464'),
	(65, 46, 30, 61, 'Salimah Nurdiyanti', '0865656565'),
	(66, 22, 52, 72, 'Sutan Dwi Firmansyah', '0866666667'),
	(67, 50, 54, 36, 'T. Usman Sihombing', '0867676767'),
	(68, 20, 81, 49, 'Karma Kuswoyo', '0868686868'),
	(69, 85, 88, 18, 'Ida Purwanti, M.M', '0869696969'),
	(70, 25, 57, 41, 'Maryadi Thamrin', '0870707070'),
	(71, 100, 4, 87, 'Virman Pratiwi', '0871717171'),
	(72, 61, 24, 93, 'Ika Wulandari', '0872727272'),
	(73, 5, 36, 17, 'Yunita Yuliarti', '0873737373'),
	(74, 81, 38, 8, 'Kani Widodo', '0874747474'),
	(75, 65, 64, 63, 'R. Genta Narpati', '0875757575'),
	(76, 34, 79, 70, 'Banara Halim', '0876767676'),
	(77, 44, 74, 90, 'Gaduh Hariyah', '0877777778'),
	(78, 41, 86, 50, 'Nurul Natsir', '0878787878'),
	(79, 57, 98, 77, 'Icha Natsir', '0879797979'),
	(80, 21, 10, 44, 'Kanda Yolanda', '0880808080'),
	(81, 99, 22, 86, 'Dr. Irma Lestari', '0881818181'),
	(82, 95, 47, 94, 'Raisa Firmansyah', '0882828282'),
	(83, 71, 63, 13, 'Dr. Liman Mustofa', '0883838383'),
	(84, 18, 76, 4, 'Kasiran Prayoga', '0884848484'),
	(85, 77, 83, 38, 'Puspa Ramadan', '0885858585'),
	(86, 19, 91, 24, 'KH. Sidiq Handayani', '0886868686'),
	(87, 6, 95, 68, 'Rahmi Wijaya', '0887878787'),
	(88, 39, 15, 29, 'Bancar Haryanti', '0888888889'),
	(89, 93, 27, 19, 'Shakila Kuswandari', '0889898989'),
	(90, 92, 39, 28, 'H. Argono Wijaya', '0890909090'),
	(91, 62, 42, 82, 'Cinthia Hakim', '0891919191'),
	(92, 88, 72, 100, 'Karimah Pradana', '0892929292'),
	(93, 8, 80, 12, 'Tari Siregar', '0893939393'),
	(94, 47, 78, 2, 'Tiara Firmansyah', '0894949494'),
	(95, 23, 96, 39, 'Galak Siregar', '0895959595'),
	(96, 14, 1, 76, 'Latif Rajasa', '0896969696'),
	(97, 11, 14, 58, 'Yani Handayani', '0897979797'),
	(98, 30, 26, 60, 'Jais Tampubolon', '0898989898'),
	(99, 24, 51, 66, 'R. Tania Kurniawan', '0899999990'),
	(100, 86, 50, 43, 'Cindy Kusumo', '0801010101');

-- Dumping structure for table klinik1.obat
CREATE TABLE IF NOT EXISTS `obat` (
  `ID_Obat` int(11) NOT NULL,
  `ID_Apoteker` int(11) DEFAULT NULL,
  `ID_Pemasok_Obat` int(11) DEFAULT NULL,
  `Nama` varchar(100) DEFAULT NULL,
  `Jenis_Obat` varchar(100) DEFAULT NULL,
  `Ukuran` varchar(50) DEFAULT NULL,
  `Jumlah_Stock` int(11) DEFAULT NULL,
  `Harga` int(11) DEFAULT NULL,
  PRIMARY KEY (`ID_Obat`),
  KEY `ID_Apoteker` (`ID_Apoteker`),
  KEY `ID_Pemasok_Obat` (`ID_Pemasok_Obat`),
  CONSTRAINT `obat_ibfk_1` FOREIGN KEY (`ID_Apoteker`) REFERENCES `apoteker` (`ID_Apoteker`),
  CONSTRAINT `obat_ibfk_2` FOREIGN KEY (`ID_Pemasok_Obat`) REFERENCES `pemasok_obat` (`ID_Pemasok`)
) ENGINE=InnoDB DEFAULT CHARSET=utf8mb4 COLLATE=utf8mb4_0900_ai_ci;

-- Dumping data for table klinik1.obat: ~100 rows (approximately)
INSERT INTO `obat` (`ID_Obat`, `ID_Apoteker`, `ID_Pemasok_Obat`, `Nama`, `Jenis_Obat`, `Ukuran`, `Jumlah_Stock`, `Harga`) VALUES
	(1, 76, 87, 'Paracetamol', 'Tablet', '500mg', 100, 1500),
	(2, 97, 23, 'Propofol', 'Kapsul', '250mg', 150, 2500),
	(3, 84, 56, 'zinc', 'Tablet', '500mg', 200, 1000),
	(4, 87, 14, 'Metformin', 'Tablet', '400mg', 120, 1800),
	(5, 37, 7, 'Antidepresan', 'Tablet', '10mg', 180, 1200),
	(6, 14, 98, 'Tamoxifen', 'Kapsul', '20mg', 90, 3500),
	(7, 28, 5, 'Analgesik', 'Tablet', '10mg', 150, 1400),
	(8, 57, 76, 'Ciprofloxacin', 'Tablet', '500mg', 110, 2200),
	(9, 35, 61, 'Fenitoin', 'Tablet', '20mg', 85, 4200),
	(10, 44, 50, 'Apendektomi', 'Tablet', '100mg', 200, 800),
	(11, 73, 28, 'Antibiotik', 'Tablet', '0.5mg', 70, 2800),
	(12, 1, 17, 'Aspirin', 'Kapsul', '500mg', 95, 3800),
	(13, 99, 60, 'Hepatitis B', 'Tablet', '150mg', 130, 1900),
	(14, 58, 39, 'Cyclophosphamide', 'Tablet', '2mg', 60, 4500),
	(15, 29, 80, 'Escitalopram', 'Tablet', '40mg', 105, 1700),
	(16, 53, 12, 'Antihistamin', 'Tablet', '5mg', 115, 3200),
	(17, 91, 67, 'CTM', 'Tablet', '50mg', 125, 3600),
	(18, 69, 49, 'Vitamin C ', 'Tablet', '500mg', 140, 2400),
	(19, 33, 91, 'Klotrimazol', 'Tablet', '500mg', 100, 4100),
	(20, 30, 74, 'Glibenclamide', 'Kapsul', '100mg', 90, 3700),
	(21, 65, 9, 'Vaginosis bakterialis', 'Tablet', '400 mcg', 200, 1500),
	(22, 86, 2, 'salbutamol', 'Tablet', '2mg', 180, 1300),
	(23, 59, 20, 'Paracetamol sirup', 'Kapsul', '250mg', 150, 2100),
	(24, 93, 85, 'Bronkitis Akut', 'Kapsul', '50mg', 75, 5200),
	(25, 21, 47, 'Kemoterapi', 'Tablet', '100mg', 65, 3800),
	(26, 60, 1, 'OBH Combi', 'Tablet', '300mg/dose', 110, 2900),
	(27, 19, 52, 'eksisi', 'Tablet', '5mg', 85, 4400),
	(28, 85, 93, 'Aspirin', 'Kapsul', '20mg', 95, 4700),
	(29, 16, 34, 'Ibuprofen', 'Tablet', '50mg', 105, 4900),
	(30, 61, 77, 'Paracetamol', 'Tablet', '200mg', 70, 4300),
	(31, 74, 25, 'Parasetamol ', 'Inhaler', '100mcg/dose', 120, 6500),
	(32, 51, 62, 'Antiemetik ringan', 'Inhaler', '200mcg/dose', 90, 7200),
	(33, 10, 19, 'Amlodipine', 'Injeksi', '100IU/ml', 60, 8500),
	(34, 23, 81, 'Baclofen', 'Injeksi', '100IU/ml', 55, 8800),
	(35, 52, 46, 'Polio', 'Tablet', '5mg', 130, 3100),
	(36, 17, 73, 'Asam mefenamat', 'Tablet', '80mg', 140, 3400),
	(37, 3, 3, 'Oseltamivir', 'Tablet', '10mg', 115, 5100),
	(38, 8, 10, 'Vaginosis bakterialis', 'Tablet', '75mg', 125, 5800),
	(39, 28, 30, 'Metformin', 'Tablet', '100mg', 110, 2900),
	(40, 45, 65, 'Asam mefenamat', 'Tablet', '0.5mg', 95, 4700),
	(41, 7, 31, 'Permethrin krim', 'Tablet', '12.5mg', 150, 1900),
	(42, 82, 42, 'Emolien', 'Tablet', '25mg', 130, 2300),
	(43, 31, 79, 'Ciprofloxacin', 'Tablet', '0.25mg', 85, 3600),
	(44, 64, 54, 'Cold compression', 'Tablet', '10mg', 145, 2100),
	(45, 34, 36, 'Berat badan sulit turun', 'Tablet', '50mg', 135, 2400),
	(46, 48, 22, 'DPT', 'Tablet', '50mg', 125, 2700),
	(47, 94, 69, 'Nasal spray fluticasone', 'Tablet', '6.25mg', 115, 3900),
	(48, 79, 43, 'Hidroklorotiazid', 'Kapsul', '10mg', 105, 3200),
	(49, 67, 97, 'Meloxicam', 'Tablet', '80mg', 95, 3500),
	(50, 43, 26, 'Parasetamol', 'Tablet', '60mg', 100, 3800),
	(51, 66, 59, 'Methylphenidate', 'Tablet', '5mg', 90, 4100),
	(52, 72, 83, 'Orlistat', 'Tablet', '0.5mg', 80, 4500),
	(53, 88, 15, 'Antibiotik', 'Tablet', '5mg', 140, 2900),
	(54, 36, 48, 'Vitamin C', 'Tablet', '10mg', 150, 3200),
	(55, 55, 72, 'Vitamin B6', 'Kapsul', '5mg', 130, 3500),
	(56, 40, 6, 'Antibiotik', 'Tablet', '80mg', 120, 4800),
	(57, 41, 64, 'Artemisinin-based Combination Therapy', 'Tablet', '40mg', 110, 5200),
	(58, 9, 96, 'Ciprofloxacin', 'Tablet', '20mg', 100, 5500),
	(59, 96, 4, 'Ferrous sulfate', 'Tablet', '25mg', 90, 2800),
	(60, 83, 82, 'Diclofenac gel', 'Kapsul', '25mg', 180, 1900),
	(61, 75, 57, 'HCT', 'Tablet', '4mg', 200, 1200),
	(62, 80, 41, 'Zinc', 'Sirup', '15mg/5ml', 150, 2500),
	(63, 13, 78, 'Gabapentin', 'Sirup', '100mg/5ml', 160, 2300),
	(64, 63, 24, 'vitamin', 'Sirup', '15mg/5ml', 170, 2700),
	(65, 11, 51, 'Fluoxetine', 'Sirup', '8mg/5ml', 160, 2400),
	(66, 20, 88, 'Salep topikal NSAID', 'Tablet', '30mg', 140, 2100),
	(67, 71, 35, 'Amlodipin', 'Tablet', '10mg', 130, 1900),
	(68, 47, 99, 'Paracetamol sirup', 'Spray', '0.05%', 120, 3200),
	(69, 92, 44, 'Alprazolam', 'Kapsul', '2mg', 150, 1800),
	(70, 46, 71, 'Diazepam', 'Tablet', '10mg', 140, 2200),
	(71, 81, 18, 'Psikoterapi', 'Tablet', '10mg', 130, 2000),
	(72, 100, 55, 'Furosemide', 'Suspensi', '20mg/ml', 110, 3800),
	(73, 32, 33, 'Orlistat', 'Kapsul', '30mg', 100, 4200),
	(74, 90, 86, 'Loratadine tablet', 'Tablet', '20mg', 90, 4500),
	(75, 62, 68, 'Metformin', 'Tablet', '40mg', 95, 4700),
	(76, 4, 13, 'Antidepresan', 'Tablet', '20mg', 120, 2900),
	(77, 6, 95, 'Silver sulfadiazine salep', 'Tablet', '200mg', 130, 2400),
	(78, 2, 27, 'Amlodipin', 'Sirup', '75mg/5ml', 140, 2700),
	(79, 70, 66, 'Clopidogrel ', 'Suspensi', '1g/10ml', 110, 3500),
	(80, 12, 11, 'Topikal', 'Tablet', '500mg', 200, 1200),
	(81, 49, 52, 'Adrenalin IM', 'Suspensi', '200mg/5ml', 180, 1500),
	(82, 78, 89, 'antihistamin', 'Tablet', '80mg', 190, 1700),
	(83, 38, 75, 'Metformin', 'Tablet', '5mg', 160, 1400),
	(84, 98, 32, 'Atorvastatin', 'Sirup', '667mg/ml', 140, 3200),
	(85, 54, 94, 'Rifampisin', 'Serbuk', '3.5g/sachet', 150, 2500),
	(86, 50, 16, 'Kemoterapi', 'Serbuk', '13.8g/sachet', 130, 2800),
	(87, 89, 8, 'Terapi utama', 'Tablet', '50mg', 120, 1900),
	(88, 18, 63, 'Captopril', 'Tablet', '25mg', 110, 2100),
	(89, 25, 37, 'Kalsium laktat', 'Tablet', '8mg', 100, 3400),
	(90, 56, 70, 'Permethrin krim 5%', 'Tablet', '40mg', 180, 2900),
	(91, 24, 58, 'Ambroxol', 'Tablet', '800mg', 90, 4200),
	(92, 26, 21, 'Paracetamol', 'Kapsul', '500mg', 85, 4800),
	(93, 22, 84, 'Ibuprofen', 'Tablet', '200mg', 150, 1800),
	(94, 42, 45, 'Multivitamin', 'Tablet', '1mg', 200, 1200),
	(95, 68, 92, 'Furosemid', 'Tablet', '1000IU', 180, 2200),
	(96, 39, 29, 'Gigi ngilu', 'Tablet', '500mg+200IU', 170, 2500),
	(97, 19, 100, 'Vitamin B6 (piridoksin)', 'Tablet', '-', 200, 2000),
	(98, 77, 53, 'Antibiotik', 'Tablet', '20mg', 160, 1700),
	(99, 95, 38, 'Ferosulfat', 'Tablet', '600mg', 140, 1900),
	(100, 5, 90, 'Amitriptyline', 'Injeksi', '20%', 100, 3100);

-- Dumping structure for table klinik1.pasien
CREATE TABLE IF NOT EXISTS `pasien` (
  `ID_Pasien` int(11) NOT NULL,
  `nama` varchar(100) DEFAULT NULL,
  `Alamat` text DEFAULT NULL,
  `No_Handphone` varchar(15) DEFAULT NULL,
  `Tanggal_Lahir` date DEFAULT NULL,
  `Golongan_Darah` varchar(3) DEFAULT NULL,
  PRIMARY KEY (`ID_Pasien`)
) ENGINE=InnoDB DEFAULT CHARSET=utf8mb4 COLLATE=utf8mb4_0900_ai_ci;

-- Dumping data for table klinik1.pasien: ~100 rows (approximately)
INSERT INTO `pasien` (`ID_Pasien`, `nama`, `Alamat`, `No_Handphone`, `Tanggal_Lahir`, `Golongan_Darah`) VALUES
	(1, 'Galiono Rajasa', 'Jalan S. Parman No. 34, Sukabumi, AC 71366', '081234560001', '1990-01-01', 'A'),
	(2, 'Lalita Ramadan', 'Jl. Jamika No. 75, Pagaralam, KI 97486', '081234560002', '1991-02-01', 'B'),
	(3, 'Xanana Wahyudin', 'Gang Astana Anyar No. 425, Madiun, Papua Barat 89438', '081234560003', '1992-03-01', 'O'),
	(4, 'Amalia Saputra', 'Gang Merdeka No. 32, Tegal, BT 72122', '081234560004', '1993-04-01', 'AB'),
	(5, 'Wirda Napitupulu', 'Jl. Jamika No. 80, Padang Sidempuan, Sulawesi Selatan 90756', '081234560005', '1994-05-01', 'A'),
	(6, 'Cawisono Mayasari', 'Jl. Pasteur No. 342, Meulaboh, Kalimantan Utara 83250', '081234560006', '1995-06-01', 'B'),
	(7, 'Gandewa Hutagalung', 'Jl. Gegerkalong Hilir No. 1, Tual, LA 55983', '081234560007', '1996-07-01', 'O'),
	(8, 'Aswani Manullang', 'Gang Sukajadi No. 411, Kota Administrasi Jakarta Timur, Sumatera Utara 37471', '081234560008', '1997-08-01', 'AB'),
	(9, 'Novi Napitupulu, S.Pt', 'Gang Soekarno Hatta No. 16, Makassar, NT 37811', '081234560009', '1998-09-01', 'A'),
	(10, 'Zaenab Suryono', 'Jl. Rajiman No. 83, Langsa, Sulawesi Barat 93314', '081234560010', '1999-10-01', 'B'),
	(11, 'Lukita Putra', 'Gang Moch. Toha No. 75, Sungai Penuh, Sumatera Selatan 35270', '081234560011', '1990-01-11', 'O'),
	(12, 'Martaka Kuswandari', 'Jalan Kapten Muslihat No. 780, Tangerang, Sulawesi Barat 62904', '081234560012', '1991-02-12', 'AB'),
	(13, 'drg. Gabriella Maryati, M.TI.', 'Gg. Ronggowarsito No. 497, Blitar, YO 96949', '081234560013', '1992-03-13', 'A'),
	(14, 'Syahrini Simbolon', 'Jl. Sukajadi No. 11, Kota Administrasi Jakarta Utara, NB 37970', '081234560014', '1993-04-14', 'B'),
	(15, 'drg. Ghani Suryono, S.Psi', 'Jl. Cikapayang No. 9, Ternate, JK 92093', '081234560015', '1994-05-15', 'O'),
	(16, 'Karna Prastuti', 'Gg. Surapati No. 34, Jambi, Lampung 90805', '081234560016', '1995-06-16', 'AB'),
	(17, 'R.A. Kezia Suryatmi, M.Pd', 'Gg. Cempaka No. 805, Mojokerto, Sulawesi Tengah 39365', '081234560017', '1996-07-17', 'A'),
	(18, 'Tgk. Cawisadi Januar', 'Gang Medokan Ayu No. 410, Malang, KT 19483', '081234560018', '1997-08-18', 'B'),
	(19, 'Dadap Siregar', 'Jl. Joyoboyo No. 717, Bau-Bau, Sulawesi Utara 25294', '081234560019', '1998-09-19', 'O'),
	(20, 'Diah Simbolon, M.Farm', 'Gg. Kapten Muslihat No. 500, Semarang, JT 07892', '081234560020', '1999-10-20', 'AB'),
	(21, 'Cut Putri Wastuti, S.Pt', 'Jalan Kutisari Selatan No. 998, Tomohon, Nusa Tenggara Timur 13592', '081234560021', '1990-01-21', 'A'),
	(22, 'Tgk. Cengkal Lestari, M.Farm', 'Gang Kutisari Selatan No. 092, Jambi, MU 98674', '081234560022', '1991-02-22', 'B'),
	(23, 'R. Darmana Suartini, S.Kom', 'Jl. Erlangga No. 61, Mataram, JI 07252', '081234560023', '1992-03-23', 'O'),
	(24, 'Bella Nurdiyanti', 'Gg. Kapten Muslihat No. 5, Bogor, Kalimantan Tengah 36299', '081234560024', '1993-04-24', 'AB'),
	(25, 'Cut Dalima Prastuti, S.Kom', 'Gg. Joyoboyo No. 9, Bitung, SG 47870', '081234560025', '1994-05-25', 'A'),
	(26, 'Pandu Jailani', 'Gg. Kebonjati No. 72, Parepare, PA 94480', '081234560026', '1995-06-26', 'B'),
	(27, 'Jindra Samosir, M.Kom', 'Gg. H.J Maemunah No. 7, Kota Administrasi Jakarta Barat, NT 78049', '081234560027', '1996-07-27', 'O'),
	(28, 'drg. Zaenab Siregar', 'Jl. Ronggowarsito No. 28, Padang Sidempuan, Riau 62689', '081234560028', '1997-08-28', 'AB'),
	(29, 'H. Salman Handayani, S.Pd', 'Gg. Ronggowarsito No. 747, Padang, PB 13335', '081234560029', '1998-09-29', 'A'),
	(30, 'R.M. Jumari Novitasari, M.Farm', 'Gang Tebet Barat Dalam No. 577, Kediri, Kalimantan Utara 57466', '081234560030', '1999-10-30', 'B'),
	(31, 'Nasim Permadi', 'Gg. Dr. Djunjunan No. 49, Singkawang, Sulawesi Selatan 79229', '081234560031', '1990-01-31', 'O'),
	(32, 'Jamalia Gunawan, S.Pd', 'Gang Ciumbuleuit No. 12, Surabaya, Kepulauan Riau 79069', '081234560032', '1991-02-01', 'AB'),
	(33, 'Rina Sihotang, S.IP', 'Gang Setiabudhi No. 3, Tegal, BT 18959', '081234560033', '1992-03-02', 'A'),
	(34, 'Parman Saptono, S.Pt', 'Gang Otto Iskandardinata No. 8, Batam, DKI Jakarta 31109', '081234560034', '1993-04-03', 'B'),
	(35, 'Dr. Cengkir Utami', 'Jalan Ciumbuleuit No. 1, Jambi, Jambi 85586', '081234560035', '1994-05-04', 'O'),
	(36, 'Cut Tami Hidayanto', 'Gg. Asia Afrika No. 311, Banjarbaru, Sumatera Utara 35799', '081234560036', '1995-06-05', 'AB'),
	(37, 'drg. Atmaja Tampubolon', 'Gang M.T Haryono No. 81, Depok, JT 90023', '081234560037', '1996-07-06', 'A'),
	(38, 'Sadina Wastuti', 'Gang Yos Sudarso No. 59, Manado, Bengkulu 41397', '081234560038', '1997-08-07', 'B'),
	(39, 'Prayitna Rajata, M.Kom', 'Jl. Sukabumi No. 14, Meulaboh, KR 84510', '081234560039', '1998-09-08', 'O'),
	(40, 'Fathonah Wahyuni', 'Gang Stasiun Wonokromo No. 1, Pagaralam, PB 44217', '081234560040', '1999-10-09', 'AB'),
	(41, 'Olivia Anggraini', 'Jalan Moch. Toha No. 59, Gorontalo, BT 48924', '081234560041', '1990-01-10', 'A'),
	(42, 'Ir. Lalita Irawan, S.IP', 'Jl. Cikutra Timur No. 976, Kendari, Kepulauan Riau 25541', '081234560042', '1991-02-11', 'B'),
	(43, 'Hesti Nashiruddin, M.Kom', 'Gg. Pasir Koja No. 276, Palopo, Sumatera Selatan 70951', '081234560043', '1992-03-12', 'O'),
	(44, 'Tgk. Murti Hakim, S.Ked', 'Jalan Tebet Barat Dalam No. 35, Sabang, Sumatera Selatan 30969', '081234560044', '1993-04-13', 'AB'),
	(45, 'Puti Titi Waluyo', 'Gg. Raya Ujungberung No. 771, Mataram, Maluku 46511', '081234560045', '1994-05-14', 'A'),
	(46, 'Soleh Gunawan', 'Jl. S. Parman No. 03, Tasikmalaya, DI Yogyakarta 20305', '081234560046', '1995-06-15', 'B'),
	(47, 'Tgk. Tiara Riyanti', 'Jl. Sukajadi No. 770, Sungai Penuh, Kalimantan Tengah 44953', '081234560047', '1996-07-16', 'O'),
	(48, 'Gangsa Kurniawan, M.TI', 'Jalan Monginsidi No. 964, Denpasar, PB 60783', '081234560048', '1997-08-17', 'AB'),
	(49, 'R. Raditya Tarihoran, S.Kom', 'Jalan Waringin No. 212, Kota Administrasi Jakarta Pusat, Kepulauan Bangka Belitung 01188', '081234560049', '1998-09-18', 'A'),
	(50, 'dr. Olga Pratama', 'Gg. Surapati No. 365, Bandar Lampung, Sulawesi Tengah 65059', '081234560050', '1999-10-19', 'B'),
	(51, 'Dina Nuraini', 'Jalan Jend. Sudirman No. 00, Meulaboh, BE 86256', '081234560051', '1990-01-20', 'O'),
	(52, 'Agus Prakasa', 'Jalan PHH. Mustofa No. 72, Magelang, Sumatera Barat 79615', '081234560052', '1991-02-21', 'AB'),
	(53, 'dr. Ade Rahayu, S.Gz', 'Jalan Abdul Muis No. 17, Pekalongan, Gorontalo 38451', '081234560053', '1992-03-22', 'A'),
	(54, 'Zizi Wahyuni', 'Jalan Peta No. 0, Batam, Maluku 20177', '081234560054', '1993-04-23', 'B'),
	(55, 'drg. Harjo Jailani', 'Jalan Raya Setiabudhi No. 93, Mataram, Nusa Tenggara Timur 85245', '081234560055', '1994-05-24', 'O'),
	(56, 'Dr. Ida Zulaika, S.Sos', 'Jl. Moch. Toha No. 21, Probolinggo, NB 15566', '081234560056', '1995-06-25', 'AB'),
	(57, 'Citra Wibisono', 'Gg. Sadang Serang No. 295, Tomohon, JB 73889', '081234560057', '1996-07-26', 'A'),
	(58, 'Drs. Lala Nashiruddin', 'Gang Ahmad Dahlan No. 80, Pangkalpinang, Kalimantan Selatan 58612', '081234560058', '1997-08-27', 'B'),
	(59, 'Daliono Nugroho', 'Jl. Suniaraja No. 404, Kota Administrasi Jakarta Pusat, SS 38595', '081234560059', '1998-09-28', 'O'),
	(60, 'Harsana Wibisono', 'Jalan Wonoayu No. 92, Sawahlunto, ST 99858', '081234560060', '1999-10-29', 'AB'),
	(61, 'Jane Saragih', 'Gang Asia Afrika No. 6, Banjarbaru, Riau 78088', '081234560061', '1990-01-30', 'A'),
	(62, 'Dalimin Nasyiah, S.Sos', 'Gg. Pasir Koja No. 35, Bitung, Gorontalo 12722', '081234560062', '1991-02-02', 'B'),
	(63, 'Hj. Melinda Widiastuti, S.Gz', 'Gg. Raya Ujungberung No. 6, Depok, GO 11272', '081234560063', '1992-03-03', 'O'),
	(64, 'Salsabila Anggriawan', 'Gg. Rajiman No. 00, Tebingtinggi, KB 46219', '081234560064', '1993-04-04', 'AB'),
	(65, 'Dt. Wasis Kusmawati, M.Kom', 'Jl. M.T Haryono No. 550, Jayapura, DKI Jakarta 81633', '081234560065', '1994-05-05', 'A'),
	(66, 'Elvin Prasasta', 'Jalan Veteran No. 3, Sabang, PB 88828', '081234560066', '1995-06-06', 'B'),
	(67, 'Jamalia Suryatmi, S.E.I', 'Jl. Suniaraja No. 332, Lubuklinggau, Kepulauan Bangka Belitung 36259', '081234560067', '1996-07-07', 'O'),
	(68, 'Dinda Wacana', 'Gg. Moch. Ramdan No. 08, Blitar, Sumatera Selatan 12809', '081234560068', '1997-08-08', 'AB'),
	(69, 'Cindy Wasita', 'Jalan PHH. Mustofa No. 488, Banjarmasin, BT 05662', '081234560069', '1998-09-09', 'A'),
	(70, 'Koko Susanti', 'Gg. Gardujati No. 7, Singkawang, RI 87961', '081234560070', '1999-10-10', 'B'),
	(71, 'R.A. Zizi Pratama, S.H', 'Gg. Antapani Lama No. 73, Batam, BB 91165', '081234560071', '1990-01-11', 'O'),
	(72, 'Zalindra Mandasari', 'Jl. Asia Afrika No. 87, Pontianak, DKI Jakarta 85607', '081234560072', '1991-02-12', 'AB'),
	(73, 'Cut Rika Adriansyah', 'Jalan Jamika No. 2, Kotamobagu, Bali 88192', '081234560073', '1992-03-13', 'A'),
	(74, 'H. Edi Nasyiah', 'Gg. Indragiri No. 43, Bau-Bau, MU 16226', '081234560074', '1993-04-14', 'B'),
	(75, 'Ir. Harjasa Sihombing', 'Jalan Soekarno Hatta No. 1, Palembang, KI 83921', '081234560075', '1994-05-15', 'O'),
	(76, 'R.M. Parman Widiastuti, S.I.', 'Jalan Erlangga No. 00, Mataram, Jawa Timur 97785', '081234560076', '1995-06-16', 'AB'),
	(77, 'Hasna Damanik', 'Jalan Rumah Sakit No. 8, Kota Administrasi Jakarta Timur, Sulawesi Selatan 65448', '081234560077', '1996-07-17', 'A'),
	(78, 'Eko Lazuardi, S.Psi', 'Jl. Raya Ujungberung No. 79, Batu, GO 15934', '081234560078', '1997-08-18', 'B'),
	(79, 'Among Halimah', 'Gang Rajawali Timur No. 899, Tual, SB 67095', '081234560079', '1998-09-19', 'O'),
	(80, 'Najam Najmudin', 'Jl. Laswi No. 724, Medan, SR 27394', '081234560080', '1999-10-20', 'AB'),
	(81, 'Uli Ardianto, M.M', 'Jl. Ciwastra No. 033, Payakumbuh, JI 25080', '081234560081', '1990-01-21', 'A'),
	(82, 'Ian Kusmawati', 'Jl. Gegerkalong Hilir No. 9, Bekasi, KB 76348', '081234560082', '1991-02-22', 'B'),
	(83, 'Padma Hutasoit, S.Psi', 'Gang Jamika No. 817, Tomohon, BB 54932', '081234560083', '1992-03-23', 'O'),
	(84, 'Reksa Sitompul', 'Jalan Abdul Muis No. 2, Serang, Sulawesi Tenggara 75505', '081234560084', '1993-04-24', 'AB'),
	(85, 'Tgk. Hafshah Nurdiyanti', 'Gang Medokan Ayu No. 9, Banjarmasin, Riau 29734', '081234560085', '1994-05-25', 'A'),
	(86, 'Ilsa Rahmawati', 'Gg. Ronggowarsito No. 169, Kota Administrasi Jakarta Barat, Maluku Utara 73458', '081234560086', '1995-06-26', 'B'),
	(87, 'Wawan Winarsih', 'Gg. M.T Haryono No. 5, Singkawang, Gorontalo 44335', '081234560087', '1996-07-27', 'O'),
	(88, 'Dt. Harjasa Saptono', 'Jalan Pasirkoja No. 093, Sawahlunto, Jambi 50983', '081234560088', '1997-08-28', 'AB'),
	(89, 'Cemani Adriansyah', 'Jl. KH Amin Jasuta No. 166, Yogyakarta, Sulawesi Selatan 57278', '081234560089', '1998-09-29', 'A'),
	(90, 'Samiah Pradipta', 'Gg. Rajawali Timur No. 303, Bengkulu, JT 92621', '081234560090', '1999-10-30', 'B'),
	(91, 'Damu Hutapea', 'Gang Sukajadi No. 5, Meulaboh, JB 64461', '081234560091', '1990-01-31', 'O'),
	(92, 'Intan Wahyudin, M.Pd', 'Gg. Peta No. 053, Palembang, Sulawesi Barat 19141', '081234560092', '1991-02-01', 'AB'),
	(93, 'Nadine Yuliarti', 'Gg. Astana Anyar No. 71, Pontianak, Gorontalo 09060', '081234560093', '1992-03-02', 'A'),
	(94, 'R. Dadap Januar', 'Jalan Laswi No. 295, Pagaralam, KU 76725', '081234560094', '1993-04-03', 'B'),
	(95, 'Edison Marbun', 'Gang Indragiri No. 9, Kota Administrasi Jakarta Selatan, Sumatera Barat 72220', '081234560095', '1994-05-04', 'O'),
	(96, 'Hj. Shakila Winarsih, S.Ked', 'Jalan Medokan Ayu No. 47, Tanjungbalai, JI 60854', '081234560096', '1995-06-05', 'AB'),
	(97, 'Sari Andriani', 'Gg. Astana Anyar No. 72, Batu, Jambi 74554', '081234560097', '1996-07-06', 'A'),
	(98, 'Sari Pangestu', 'Gg. Rajiman No. 16, Magelang, Jawa Tengah 99623', '081234560098', '1997-08-07', 'B'),
	(99, 'Kamaria Sirait', 'Gg. Joyoboyo No. 993, Kota Administrasi Jakarta Barat, KT 90696', '081234560099', '1998-09-08', 'O'),
	(100, 'Najam Handayani', 'Jalan Jend. Sudirman No. 119, Tangerang, Kepulauan Bangka Belitung 05115', '081234560100', '1999-10-09', 'AB');

-- Dumping structure for table klinik1.pemasok_obat
CREATE TABLE IF NOT EXISTS `pemasok_obat` (
  `ID_Pemasok` int(11) NOT NULL,
  `ID_Apoteker` int(11) DEFAULT NULL,
  `Nama` varchar(100) DEFAULT NULL,
  `Alamat` text DEFAULT NULL,
  `No_Handphone` varchar(15) DEFAULT NULL,
  `Jenis_Pemasok` enum('Utama','Sekunder') DEFAULT NULL,
  PRIMARY KEY (`ID_Pemasok`),
  KEY `ID_Apoteker` (`ID_Apoteker`),
  CONSTRAINT `pemasok_obat_ibfk_1` FOREIGN KEY (`ID_Apoteker`) REFERENCES `apoteker` (`ID_Apoteker`)
) ENGINE=InnoDB DEFAULT CHARSET=utf8mb4 COLLATE=utf8mb4_0900_ai_ci;

-- Dumping data for table klinik1.pemasok_obat: ~100 rows (approximately)
INSERT INTO `pemasok_obat` (`ID_Pemasok`, `ID_Apoteker`, `Nama`, `Alamat`, `No_Handphone`, `Jenis_Pemasok`) VALUES
	(1, 60, 'PT Sehat Selalu', 'Jl. Merdeka No. 10, Jakarta', '081234567890', 'Utama'),
	(2, 86, 'CV Obat Jaya', 'Jl. Mawar No. 22, Bandung', '082134567891', 'Sekunder'),
	(3, 3, 'PT Medika', 'Jl. Anggrek No. 5, Surabaya', '083134567892', 'Utama'),
	(4, 96, 'UD Farmasi Makmur', 'Jl. Melati No. 15, Medan', '084134567893', 'Sekunder'),
	(5, 28, 'PT Bina Farma', 'Jl. Kenanga No. 7, Semarang', '085134567894', 'Utama'),
	(6, 40, 'CV Sejahtera Medika', 'Jl. Flamboyan No. 33, Yogyakarta', '086134567895', 'Sekunder'),
	(7, 37, 'PT Global Pharma', 'Jl. Cempaka No. 12, Bali', '087134567896', 'Utama'),
	(8, 89, 'UD Jaya Farmasi', 'Jl. Teratai No. 9, Palembang', '088134567897', 'Sekunder'),
	(9, 65, 'PT Medikal Utama', 'Jl. Kamboja No. 18, Makassar', '089134567898', 'Utama'),
	(10, 8, 'CV Sentosa Medika', 'Jl. Seroja No. 24, Malang', '081234567899', 'Sekunder'),
	(11, 12, 'PT Farma Nusantara', 'Jl. Dahlia No. 11, Bogor', '082234567890', 'Utama'),
	(12, 53, 'UD Sehat Sentosa', 'Jl. Anggrek No. 3, Tangerang', '083234567891', 'Sekunder'),
	(13, 4, 'PT Bintang Farmasi', 'Jl. Mawar No. 6, Bekasi', '084234567892', 'Utama'),
	(14, 87, 'CV Medika Sejahtera', 'Jl. Kenanga No. 8, Depok', '085234567893', 'Sekunder'),
	(15, 88, 'PT Pharma Mandiri', 'Jl. Melati No. 13, Bandar Lampung', '086234567894', 'Utama'),
	(16, 50, 'UD Farma Jaya', 'Jl. Flamboyan No. 17, Padang', '087234567895', 'Sekunder'),
	(17, 1, 'PT Sehat Abadi', 'Jl. Cempaka No. 20, Pekanbaru', '088234567896', 'Utama'),
	(18, 81, 'CV Bina Medika', 'Jl. Teratai No. 4, Batam', '089234567897', 'Sekunder'),
	(19, 10, 'PT Global Farma', 'Jl. Kamboja No. 10, Samarinda', '081334567890', 'Utama'),
	(20, 59, 'UD Sentosa Farmasi', 'Jl. Seroja No. 14, Banjarmasin', '082334567891', 'Sekunder'),
	(21, 26, 'PT Medika Nusantara', 'Jl. Dahlia No. 16, Pontianak', '083334567892', 'Utama'),
	(22, 48, 'CV Sejahtera Farma', 'Jl. Anggrek No. 19, Manado', '084334567893', 'Sekunder'),
	(23, 97, 'PT Farma Sehat', 'Jl. Mawar No. 21, Balikpapan', '085334567894', 'Utama'),
	(24, 63, 'UD Jaya Medika', 'Jl. Kenanga No. 23, Cirebon', '086334567895', 'Sekunder'),
	(25, 74, 'PT Bintang Sehat', 'Jl. Melati No. 25, Sukabumi', '087334567896', 'Utama'),
	(26, 43, 'CV Medika Makmur', 'Jl. Flamboyan No. 27, Tasikmalaya', '088334567897', 'Sekunder'),
	(27, 2, 'PT Pharma Sentosa', 'Jl. Cempaka No. 29, Magelang', '089334567898', 'Utama'),
	(28, 73, 'UD Sehat Makmur', 'Jl. Teratai No. 31, Pekalongan', '081434567890', 'Sekunder'),
	(29, 39, 'PT Farma Jaya Abadi', 'Jl. Kamboja No. 33, Salatiga', '082434567891', 'Utama'),
	(30, 28, 'CV Bina Sehat', 'Jl. Seroja No. 35, Kediri', '083434567892', 'Sekunder'),
	(31, 7, 'PT Medika Utama', 'Jl. Dahlia No. 37, Madiun', '084434567893', 'Utama'),
	(32, 98, 'UD Sentosa Jaya', 'Jl. Anggrek No. 39, Probolinggo', '085434567894', 'Sekunder'),
	(33, 32, 'PT Sejahtera Farma', 'Jl. Mawar No. 41, Pasuruan', '086434567895', 'Utama'),
	(34, 16, 'CV Farmasi Makmur', 'Jl. Kenanga No. 43, Mojokerto', '087434567896', 'Sekunder'),
	(35, 71, 'PT Bina Medika', 'Jl. Melati No. 45, Blitar', '088434567897', 'Utama'),
	(36, 34, 'UD Jaya Sehat', 'Jl. Flamboyan No. 47, Batu', '089434567898', 'Sekunder'),
	(37, 25, 'PT Pharma Nusantara', 'Jl. Cempaka No. 49, Denpasar', '081534567890', 'Utama'),
	(38, 95, 'CV Medika Sentosa', 'Jl. Teratai No. 51, Mataram', '082534567891', 'Sekunder'),
	(39, 58, 'PT Farma Makmur', 'Jl. Kamboja No. 53, Kupang', '083534567892', 'Utama'),
	(40, 80, 'UD Sehat Jaya', 'Jl. Seroja No. 55, Jayapura', '084534567893', 'Sekunder'),
	(41, 82, 'PT Bintang Medika', 'Jl. Dahlia No. 57, Manokwari', '085534567894', 'Utama'),
	(42, 79, 'CV Sejahtera Sehat', 'Jl. Anggrek No. 59, Ambon', '086534567895', 'Sekunder'),
	(43, 92, 'PT Medika Farma', 'Jl. Mawar No. 61, Ternate', '087534567896', 'Utama'),
	(44, 42, 'UD Pharma Utama', 'Jl. Kenanga No. 63, Sorong', '088534567897', 'Sekunder'),
	(45, 52, 'PT Sehat Sentosa', 'Jl. Melati No. 65, Palu', '089534567898', 'Utama'),
	(46, 21, 'CV Bina Jaya', 'Jl. Flamboyan No. 67, Kendari', '081634567890', 'Sekunder'),
	(47, 36, 'PT Farma Nusantara Jaya', 'Jl. Cempaka No. 69, Gorontalo', '082634567891', 'Utama'),
	(48, 69, 'UD Medika Makmur', 'Jl. Teratai No. 71, Mamuju', '083634567892', 'Sekunder'),
	(49, 44, 'PT Sejahtera Medika', 'Jl. Kamboja No. 73, Banda Aceh', '084634567893', 'Utama'),
	(50, 11, 'CV Pharma Sehat', 'Jl. Seroja No. 75, Lhokseumawe', '085634567894', 'Sekunder'),
	(51, 49, 'PT Bina Farma Jaya', 'Jl. Dahlia No. 77, Langsa', '086634567895', 'Utama'),
	(52, 19, 'UD Sehat Makmur Jaya', 'Jl. Anggrek No. 79, Sabang', '087634567896', 'Sekunder'),
	(53, 77, 'PT Medika Nusantara Jaya', 'Jl. Mawar No. 81, Subulussalam', '088634567897', 'Utama'),
	(54, 64, 'CV Farma Sentosa', 'Jl. Kenanga No. 83, Binjai', '089634567898', 'Sekunder'),
	(55, 100, 'PT Sejahtera Farma Jaya', 'Jl. Melati No. 85, Tebing Tinggi', '081734567890', 'Utama'),
	(56, 84, 'UD Bina Medika Sehat', 'Jl. Flamboyan No. 87, Tanjungbalai', '082734567891', 'Sekunder'),
	(57, 75, 'PT Pharma Makmur', 'Jl. Cempaka No. 89, Sibolga', '083734567892', 'Utama'),
	(58, 24, 'CV Medika Utama Jaya', 'Jl. Teratai No. 91, Gunungsitoli', '084734567893', 'Sekunder'),
	(59, 66, 'PT Farma Sejahtera', 'Jl. Kamboja No. 93, Padang Sidempuan', '085734567894', 'Utama'),
	(60, 99, 'UD Sehat Sentosa Jaya', 'Jl. Seroja No. 95, Prabumulih', '086734567895', 'Sekunder'),
	(61, 35, 'PT Bintang Farma', 'Jl. Dahlia No. 97, Lubuklinggau', '087734567896', 'Utama'),
	(62, 51, 'CV Medika Makmur Jaya', 'Jl. Anggrek No. 99, Pagar Alam', '088734567897', 'Sekunder'),
	(63, 18, 'PT Pharma Nusantara Sehat', 'Jl. Mawar No. 101, Tanjungpinang', '089734567898', 'Utama'),
	(64, 41, 'UD Sejahtera Medika Jaya', 'Jl. Kenanga No. 103, Batam', '081834567890', 'Sekunder'),
	(65, 45, 'PT Farma Utama', 'Jl. Melati No. 105, Bontang', '082834567891', 'Utama'),
	(66, 70, 'CV Bina Sehat Jaya', 'Jl. Flamboyan No. 107, Tarakan', '083834567892', 'Sekunder'),
	(67, 91, 'PT Medika Sentosa Jaya', 'Jl. Cempaka No. 109, Singkawang', '084834567893', 'Utama'),
	(68, 62, 'UD Pharma Makmur', 'Jl. Teratai No. 111, Banjarbaru', '085834567894', 'Sekunder'),
	(69, 94, 'PT Sehat Farma', 'Jl. Kamboja No. 113, Palangka Raya', '086834567895', 'Utama'),
	(70, 56, 'CV Jaya Medika Sehat', 'Jl. Seroja No. 115, Samarinda', '087834567896', 'Sekunder'),
	(71, 46, 'PT Bina Farma Sejahtera', 'Jl. Dahlia No. 117, Balikpapan', '088834567897', 'Utama'),
	(72, 55, 'UD Medika Nusantara', 'Jl. Anggrek No. 119, Bontang', '089834567898', 'Sekunder'),
	(73, 17, 'PT Farma Sentosa Jaya', 'Jl. Mawar No. 121, Tarakan', '081934567890', 'Utama'),
	(74, 30, 'CV Sejahtera Sehat Jaya', 'Jl. Kenanga No. 123, Denpasar', '082934567891', 'Sekunder'),
	(75, 38, 'PT Medika Makmur Sehat', 'Jl. Melati No. 125, Mataram', '083934567892', 'Utama'),
	(76, 57, 'UD Pharma Utama Jaya', 'Jl. Flamboyan No. 127, Kupang', '084934567893', 'Sekunder'),
	(77, 61, 'PT Bintang Sejahtera', 'Jl. Cempaka No. 129, Jayapura', '085934567894', 'Utama'),
	(78, 13, 'CV Farma Nusantara Makmur', 'Jl. Teratai No. 131, Manokwari', '086934567895', 'Sekunder'),
	(79, 31, 'PT Sehat Medika Jaya', 'Jl. Kamboja No. 133, Ambon', '087934567896', 'Utama'),
	(80, 29, 'UD Bina Farma Sehat', 'Jl. Seroja No. 135, Ternate', '088934567897', 'Sekunder'),
	(81, 23, 'PT Medika Sentosa Makmur', 'Jl. Dahlia No. 137, Sorong', '089934567898', 'Utama'),
	(82, 83, 'CV Pharma Sejahtera', 'Jl. Anggrek No. 139, Palu', '081044567890', 'Sekunder'),
	(83, 72, 'PT Farma Makmur Jaya', 'Jl. Mawar No. 141, Kendari', '082044567891', 'Utama'),
	(84, 22, 'UD Sejahtera Medika Makmur', 'Jl. Kenanga No. 143, Gorontalo', '083044567892', 'Sekunder'),
	(85, 93, 'PT Bina Medika Jaya', 'Jl. Melati No. 145, Mamuju', '084044567893', 'Utama'),
	(86, 90, 'CV Medika Farma Sehat', 'Jl. Flamboyan No. 147, Banda Aceh', '085044567894', 'Sekunder'),
	(87, 76, 'PT Pharma Utama Sejahtera', 'Jl. Cempaka No. 149, Lhokseumawe', '086044567895', 'Utama'),
	(88, 20, 'UD Sehat Farma Jaya', 'Jl. Teratai No. 151, Langsa', '087044567896', 'Sekunder'),
	(89, 78, 'PT Bintang Medika Makmur', 'Jl. Kamboja No. 153, Sabang', '088044567897', 'Utama'),
	(90, 5, 'CV Farma Nusantara Sehat', 'Jl. Seroja No. 155, Subulussalam', '089044567898', 'Sekunder'),
	(91, 33, 'PT Medika Sejahtera Jaya', 'Jl. Dahlia No. 157, Binjai', '081154567890', 'Utama'),
	(92, 68, 'UD Sejahtera Farma Makmur', 'Jl. Anggrek No. 159, Tebing Tinggi', '082154567891', 'Sekunder'),
	(93, 85, 'PT Bina Sehat Makmur', 'Jl. Mawar No. 161, Tanjungbalai', '083154567892', 'Utama'),
	(94, 54, 'CV Pharma Medika Jaya', 'Jl. Kenanga No. 163, Sibolga', '084154567893', 'Sekunder'),
	(95, 6, 'PT Farma Utama Sehat', 'Jl. Melati No. 165, Gunungsitoli', '085154567894', 'Utama'),
	(96, 9, 'UD Medika Makmur Sejahtera', 'Jl. Flamboyan No. 167, Padang Sidempuan', '086154567895', 'Sekunder'),
	(97, 67, 'PT Sehat Sentosa Makmur', 'Jl. Cempaka No. 169, Prabumulih', '087154567896', 'Utama'),
	(98, 14, 'CV Bina Farma Makmur', 'Jl. Teratai No. 171, Lubuklinggau', '088154567897', 'Sekunder'),
	(99, 47, 'PT Medika Nusantara Makmur', 'Jl. Kamboja No. 173, Pagar Alam', '089154567898', 'Utama'),
	(100, 19, 'UD Farma Sejahtera Jaya', 'Jl. Seroja No. 175, Tanjungpinang', '081264567890', 'Sekunder');

-- Dumping structure for table klinik1.pembayaran
CREATE TABLE IF NOT EXISTS `pembayaran` (
  `ID_Pembayaran` int(11) NOT NULL,
  `ID_Kasir` int(11) DEFAULT NULL,
  `Tipe_Pembayaran` varchar(15) DEFAULT NULL,
  `Total_Biaya` int(11) DEFAULT NULL,
  `Metode_Pembayaran` varchar(40) DEFAULT NULL,
  PRIMARY KEY (`ID_Pembayaran`),
  KEY `ID_Kasir` (`ID_Kasir`),
  CONSTRAINT `pembayaran_ibfk_1` FOREIGN KEY (`ID_Kasir`) REFERENCES `kasir` (`ID_Kasir`)
) ENGINE=InnoDB DEFAULT CHARSET=utf8mb4 COLLATE=utf8mb4_0900_ai_ci;

-- Dumping data for table klinik1.pembayaran: ~100 rows (approximately)
INSERT INTO `pembayaran` (`ID_Pembayaran`, `ID_Kasir`, `Tipe_Pembayaran`, `Total_Biaya`, `Metode_Pembayaran`) VALUES
	(1, 82, 'Asuransi', 68989, 'Debit'),
	(2, 15, 'Asuransi', 22858, 'Transfer'),
	(3, 4, 'Umum', 77049, 'Debit'),
	(4, 95, 'Asuransi', 90804, 'Transfer'),
	(5, 36, 'Asuransi', 29739, 'Qris'),
	(6, 32, 'Umum', 18182, 'Transfer'),
	(7, 29, 'Umum', 23756, 'Tunai'),
	(8, 18, 'Umum', 63677, 'Transfer'),
	(9, 14, 'Asuransi', 63630, 'Transfer'),
	(10, 87, 'Asuransi', 97397, 'Qris'),
	(11, 70, 'Umum', 71354, 'Tunai'),
	(12, 12, 'Asuransi', 20040, 'Qris'),
	(13, 76, 'Asuransi', 50835, 'Debit'),
	(14, 55, 'Asuransi', 55691, 'Debit'),
	(15, 5, 'Umum', 85750, 'Qris'),
	(16, 98, 'Umum', 43652, 'Debit'),
	(17, 89, 'Umum', 63905, 'Tunai'),
	(18, 28, 'Asuransi', 20068, 'Tunai'),
	(19, 30, 'Asuransi', 31551, 'Qris'),
	(20, 65, 'Umum', 17709, 'Tunai'),
	(21, 78, 'Asuransi', 98019, 'Tunai'),
	(22, 85, 'Umum', 69378, 'Debit'),
	(23, 72, 'Umum', 57491, 'Qris'),
	(24, 96, 'Asuransi', 89198, 'Debit'),
	(25, 73, 'Umum', 15613, 'Qris'),
	(26, 71, 'Asuransi', 25556, 'Transfer'),
	(27, 44, 'Umum', 62195, 'Qris'),
	(28, 17, 'Asuransi', 66749, 'Debit'),
	(29, 1, 'Asuransi', 38050, 'Qris'),
	(30, 37, 'Asuransi', 97306, 'Transfer'),
	(31, 79, 'Asuransi', 73901, 'Transfer'),
	(32, 43, 'Umum', 41601, 'Transfer'),
	(33, 84, 'Asuransi', 99807, 'Debit'),
	(34, 21, 'Umum', 72985, 'Transfer'),
	(35, 6, 'Asuransi', 37891, 'Qris'),
	(36, 34, 'Asuransi', 57446, 'Qris'),
	(37, 99, 'Umum', 18236, 'Tunai'),
	(38, 50, 'Umum', 33724, 'Qris'),
	(39, 88, 'Asuransi', 14434, 'Transfer'),
	(40, 83, 'Umum', 86953, 'Transfer'),
	(41, 25, 'Asuransi', 91197, 'Transfer'),
	(42, 58, 'Umum', 72792, 'Transfer'),
	(43, 60, 'Asuransi', 26138, 'Qris'),
	(44, 81, 'Umum', 30596, 'Tunai'),
	(45, 53, 'Asuransi', 41860, 'Transfer'),
	(46, 19, 'Asuransi', 50830, 'Debit'),
	(47, 20, 'Asuransi', 63431, 'Transfer'),
	(48, 7, 'Umum', 49065, 'Qris'),
	(49, 16, 'Asuransi', 61192, 'Transfer'),
	(50, 13, 'Umum', 36410, 'Tunai'),
	(51, 24, 'Umum', 86445, 'Transfer'),
	(52, 90, 'Asuransi', 86432, 'Qris'),
	(53, 31, 'Umum', 35494, 'Debit'),
	(54, 63, 'Asuransi', 88584, 'Tunai'),
	(55, 26, 'Asuransi', 44893, 'Qris'),
	(56, 100, 'Asuransi', 33323, 'Tunai'),
	(57, 2, 'Umum', 17993, 'Tunai'),
	(58, 75, 'Asuransi', 19558, 'Transfer'),
	(59, 40, 'Umum', 39108, 'Qris'),
	(60, 8, 'Asuransi', 40149, 'Qris'),
	(61, 80, 'Asuransi', 20491, 'Qris'),
	(62, 38, 'Umum', 84263, 'Qris'),
	(63, 86, 'Asuransi', 38817, 'Qris'),
	(64, 74, 'Asuransi', 97649, 'Tunai'),
	(65, 62, 'Asuransi', 38615, 'Transfer'),
	(66, 66, 'Asuransi', 18261, 'Tunai'),
	(67, 33, 'Asuransi', 44735, 'Transfer'),
	(68, 45, 'Asuransi', 19508, 'Transfer'),
	(69, 10, 'Asuransi', 81640, 'Debit'),
	(70, 3, 'Asuransi', 52718, 'Transfer'),
	(71, 59, 'Asuransi', 63132, 'Qris'),
	(72, 35, 'Asuransi', 73961, 'Tunai'),
	(73, 56, 'Asuransi', 27322, 'Transfer'),
	(74, 91, 'Umum', 54028, 'Transfer'),
	(75, 64, 'Asuransi', 44265, 'Transfer'),
	(76, 41, 'Asuransi', 14080, 'Tunai'),
	(77, 68, 'Umum', 45531, 'Transfer'),
	(78, 97, 'Umum', 63627, 'Transfer'),
	(79, 69, 'Umum', 27911, 'Transfer'),
	(80, 93, 'Umum', 46412, 'Debit'),
	(81, 9, 'Asuransi', 59089, 'Transfer'),
	(82, 42, 'Umum', 82612, 'Qris'),
	(83, 49, 'Asuransi', 77201, 'Qris'),
	(84, 46, 'Umum', 85707, 'Qris'),
	(85, 94, 'Umum', 87394, 'Transfer'),
	(86, 22, 'Umum', 56972, 'Transfer'),
	(87, 27, 'Umum', 36738, 'Qris'),
	(88, 52, 'Umum', 43115, 'Transfer'),
	(89, 92, 'Umum', 37284, 'Tunai'),
	(90, 39, 'Asuransi', 78261, 'Transfer'),
	(91, 48, 'Asuransi', 73234, 'Transfer'),
	(92, 61, 'Asuransi', 10098, 'Debit'),
	(93, 47, 'Umum', 26138, 'Tunai'),
	(94, 57, 'Umum', 47808, 'Debit'),
	(95, 51, 'Asuransi', 67714, 'Qris'),
	(96, 67, 'Umum', 13134, 'Tunai'),
	(97, 77, 'Umum', 71399, 'Transfer'),
	(98, 23, 'Umum', 65185, 'Tunai'),
	(99, 54, 'Asuransi', 63584, 'Transfer'),
	(100, 11, 'Umum', 48663, 'Qris');

-- Dumping structure for table klinik1.pemeriksaan_dokter
CREATE TABLE IF NOT EXISTS `pemeriksaan_dokter` (
  `ID_Pemeriksaan_Dokter` int(11) NOT NULL,
  `ID_Dokter` int(11) DEFAULT NULL,
  `ID_Registrasi` int(11) DEFAULT NULL,
  `ID_Obat` int(11) DEFAULT NULL,
  `Diagnosa` text DEFAULT NULL,
  `Resep_Obat` text DEFAULT NULL,
  `Suhu` float DEFAULT NULL,
  `Keluhan` text DEFAULT NULL,
  PRIMARY KEY (`ID_Pemeriksaan_Dokter`),
  KEY `ID_Dokter` (`ID_Dokter`),
  KEY `ID_Registrasi` (`ID_Registrasi`),
  KEY `ID_Obat` (`ID_Obat`),
  CONSTRAINT `pemeriksaan_dokter_ibfk_1` FOREIGN KEY (`ID_Dokter`) REFERENCES `dokter` (`ID_Dokter`),
  CONSTRAINT `pemeriksaan_dokter_ibfk_2` FOREIGN KEY (`ID_Registrasi`) REFERENCES `registrasi_pasien` (`ID_Registrasi`),
  CONSTRAINT `pemeriksaan_dokter_ibfk_3` FOREIGN KEY (`ID_Obat`) REFERENCES `obat` (`ID_Obat`)
) ENGINE=InnoDB DEFAULT CHARSET=utf8mb4 COLLATE=utf8mb4_0900_ai_ci;

-- Dumping data for table klinik1.pemeriksaan_dokter: ~100 rows (approximately)
INSERT INTO `pemeriksaan_dokter` (`ID_Pemeriksaan_Dokter`, `ID_Dokter`, `ID_Registrasi`, `ID_Obat`, `Diagnosa`, `Resep_Obat`, `Suhu`, `Keluhan`) VALUES
	(1, 78, 1, 26, 'serangan jantung', 'OBH Combi', 36.8, 'Batuk kering'),
	(2, 47, 2, 22, 'Asma', 'salbutamol', 37.1, 'Pusing sejak pagi'),
	(3, 38, 3, 37, 'Virus', 'Oseltamivir', 37.4, 'sakit tenggorokan'),
	(4, 68, 4, 59, 'Anemia', 'Ferrous sulfate', 37.7, 'Pusing'),
	(5, 2, 5, 7, 'Luka robek', 'Analgesik', 36.5, 'Nyeri hebat'),
	(6, 53, 6, 56, 'Otitis Media Akut', 'Antibiotik', 36.8, 'Demam'),
	(7, 79, 7, 5, 'Depresi', 'Antidepresan', 37.1, 'Sulit tidur'),
	(8, 59, 8, 87, 'Ikterus Neonatorum ', 'Terapi utama', 37.4, 'mata bayi tampak kuning'),
	(9, 23, 9, 21, 'Keputihan patologis', 'Vaginosis bakterialis', 37.7, 'Gatal'),
	(10, 72, 10, 38, 'Keputihan patologis', 'Vaginosis bakterialis', 36.5, 'keputihan berbau tidak sedap'),
	(11, 14, 11, 80, 'Luka bakar derajat II', 'Topikal', 36.8, ' kulit melepuh'),
	(12, 73, 12, 16, 'Dermatitis Atopik', 'Antihistamin', 37.1, 'Gatal'),
	(13, 8, 13, 76, 'Gangguan Cemas Menyeluruh', 'Antidepresan', 37.4, ' jantung berdebar'),
	(14, 58, 14, 4, 'Diabetes Mellitus Tipe 2', 'Metformin', 37.7, 'mudah lapar'),
	(15, 39, 15, 53, 'Otitis Media Akut', 'Antibiotik', 36.5, 'nyeri telinga'),
	(16, 6, 16, 86, 'Kanker Serviks', 'Kemoterapi', 36.8, 'Keputihan bercampur darah'),
	(17, 62, 17, 12, 'Stroke Iskemik', 'Aspirin', 37.1, 'wajah mencong'),
	(18, 67, 18, 71, 'Gangguan Kecemasan Umum', 'Psikoterapi', 37.4, 'sulit rileks'),
	(19, 4, 19, 33, 'Hipertensi', 'Amlodipine', 37.7, 'Kepala terasa berat atau pusing'),
	(20, 15, 20, 23, 'ISPA', 'Paracetamol sirup', 36.5, 'sulit tidur karena hidung tersumbat'),
	(21, 46, 21, 92, 'Demam Berdarah Dengue', 'Paracetamol', 36.8, 'Demam tinggi mendadak'),
	(22, 27, 22, 46, 'Z27.0', 'DPT', 37.1, 'Demam ringan'),
	(23, 91, 23, 2, 'K35.8', 'Propofol', 37.4, 'Nyeri perut kanan bawah'),
	(24, 43, 24, 64, 'Bayi kuning karena bilirubin tinggi', 'vitamin', 37.7, 'Kulit dan mata bayi kuning'),
	(25, 85, 25, 31, 'radang tenggorokan', 'Parasetamol ', 36.5, 'Tenggorokan sakit'),
	(26, 34, 26, 50, 'Demam', 'Parasetamol', 36.8, 'Panas badan'),
	(27, 17, 27, 78, 'Tekanan darah tinggi', 'Amlodipin', 37.1, 'Pusing'),
	(28, 65, 28, 11, 'Infeksi saluran kemih', 'Antibiotik', 37.4, 'Nyeri saat buang air kecil'),
	(29, 55, 29, 96, 'Gigi berlubang', 'Gigi ngilu', 37.7, 'Asam mefenamat'),
	(30, 92, 30, 39, 'Kencing manis', 'Metformin', 36.5, 'Berat badan turun'),
	(31, 25, 31, 41, 'Infeksi kulit akibat tungau', 'Permethrin krim', 36.8, 'Gatal hebat terutama malam hari'),
	(32, 56, 32, 84, 'Pemulihan pasca stroke', 'Atorvastatin', 37.1, 'Lumpuh separuh badan'),
	(33, 51, 33, 73, 'Berat badan berlebih', 'Orlistat', 37.4, 'Berat badan sulit turun meski diet'),
	(34, 86, 34, 29, 'Tarikan/robekan otot', 'Ibuprofen', 37.7, 'Nyeri otot saat bergerak'),
	(35, 71, 35, 67, 'Hipertensi esensial', 'Amlodipin', 36.5, 'Sakit kepala'),
	(36, 44, 36, 45, 'Obesitas', 'Berat badan sulit turun', 36.8, 'Liraglutide'),
	(37, 77, 37, 89, 'Gravida aterm', 'Kalsium laktat', 37.1, 'Nyeri punggung bawah'),
	(38, 45, 38, 99, 'Anemia defisiensi besi', 'Ferosulfat', 37.4, 'Lemas, cepat lelah'),
	(39, 96, 39, 14, 'Karsinoma payudara stadium awal', 'Cyclophosphamide', 37.7, 'Benjolan tidak nyeri di payudara'),
	(40, 64, 40, 62, 'Malnutrisi ringan', 'Zinc', 36.5, 'Berat badan turun atau tidak naik sesuai usia'),
	(41, 74, 41, 42, 'Dermatitis atopik', 'Emolien', 36.8, 'Kulit kering, gatal hebat'),
	(42, 10, 42, 48, 'Hipertensi esensial', 'Hidroklorotiazid', 37.1, 'Sakit kepala belakang/leher'),
	(43, 76, 43, 69, 'Gangguan kecemasan menyeluruh', 'Alprazolam', 37.4, 'Cemas berlebihan tanpa sebab jelas'),
	(44, 49, 44, 94, 'Malnutrisi energi-protein', 'Multivitamin', 37.7, 'Berat badan tidak naik/menurun'),
	(45, 1, 45, 35, 'Kebutuhan imunisasi bayi', 'Polio', 36.5, 'kunjungan rutin untuk imunisasi'),
	(46, 13, 46, 25, 'Karsinoma mammae', 'Kemoterapi', 36.8, 'Benjolan di payudara tidak nyeri'),
	(47, 19, 47, 54, 'Anemia', 'Vitamin C', 37.1, 'Mudah lelah'),
	(48, 32, 48, 18, 'Anemia ', 'Vitamin C ', 37.4, 'Pucat'),
	(49, 18, 49, 10, 'Apendisitis akut', 'Apendektomi', 37.7, 'Nyeri perut kanan bawah'),
	(50, 24, 50, 65, 'Episode depresi', 'Fluoxetine', 36.5, 'Sedih berkepanjangan'),
	(51, 98, 51, 27, 'Neoplasma jinak', 'eksisi', 36.8, 'Benjolan di payudara'),
	(52, 20, 52, 81, 'Syok anafilaksis', 'Adrenalin IM', 37.1, 'Sesak napas tiba-tiba'),
	(53, 35, 53, 98, 'Pneumonia', 'Antibiotik', 37.4, 'Batuk berdahak'),
	(54, 100, 54, 44, 'Cedera ligamen pergelangan kaki', 'Cold compression', 37.7, 'Nyeri hebat setelah jatuh/terpeleset'),
	(55, 82, 55, 72, 'Gagal ginjal kronis', 'Furosemide', 36.5, 'Mual'),
	(56, 40, 56, 3, 'Malnutrisi ringan', 'zinc', 36.8, 'Berat badan sulit naik'),
	(57, 7, 57, 61, 'Hipertensi esensial', 'HCT', 37.1, 'Sakit kepala bagian belakang'),
	(58, 60, 58, 91, 'ISPA tanpa lokasi spesifik', 'Ambroxol', 37.4, 'Batuk'),
	(59, 63, 59, 51, 'ADHD', 'Methylphenidate', 37.7, 'Tidak bisa diam'),
	(60, 69, 60, 13, 'Prosedur imunisasi', 'Hepatitis B', 36.5, 'datang untuk imunisasi sesuai jadwal'),
	(61, 28, 61, 9, 'Epilepsi', 'Fenitoin', 36.8, 'Kejang berulang tanpa demam'),
	(62, 99, 62, 32, 'Pemeriksaan kehamilan rutin tanpa komplikasi', 'Antiemetik ringan', 37.1, 'Mual muntah ringan'),
	(63, 42, 63, 88, 'Hipertensi esensial', 'Captopril', 37.4, 'Sakit kepala bagian belakang'),
	(64, 54, 64, 57, 'Malaria', 'Artemisinin-based Combination Therapy', 37.7, 'Demam tinggi'),
	(65, 41, 65, 40, 'Karies dentis', 'Asam mefenamat', 36.5, 'Gigi terasa nyeri saat mengunyah'),
	(66, 36, 66, 79, ' Sindrom Koroner Akut', 'Clopidogrel ', 36.8, 'Nyeri dada menjalar ke lengan kiri'),
	(67, 11, 67, 17, 'ISPA', 'CTM', 37.1, 'Demam'),
	(68, 48, 68, 75, 'Diabetes Mellitus Tipe 2', 'Metformin', 37.4, 'Sering buang air kecil'),
	(69, 80, 69, 47, 'Rinitis alergi', 'Nasal spray fluticasone', 37.7, 'Hidung tersumbat'),
	(70, 26, 70, 90, 'Skabies', 'Permethrin krim 5%', 36.5, 'Gatal di malam hari'),
	(71, 75, 71, 70, 'Gangguan Kecemasan Umum', 'Diazepam', 36.8, 'Cemas berlebihan'),
	(72, 22, 72, 55, 'Hiperemesis Gravidarum', 'Vitamin B6', 37.1, ' Mual muntah terus-menerus di awal kehamilan'),
	(73, 52, 73, 36, 'Pulpitis irreversibel', 'Asam mefenamat', 37.4, 'Gigi nyeri berdenyut'),
	(74, 97, 74, 20, 'Diabetes Melitus Tipe 2', 'Glibenclamide', 37.7, 'Sering haus'),
	(75, 29, 75, 83, 'Diabetes Melitus Tipe 2 pada lansia', 'Metformin', 36.5, 'Lemas'),
	(76, 61, 76, 8, 'Konjungtivitis', 'Ciprofloxacin', 36.8, 'Mata merah'),
	(77, 33, 77, 30, 'Apendisitis akut', 'Paracetamol', 37.1, 'Nyeri perut kanan bawah'),
	(78, 70, 78, 63, 'Nyeri neuropatik karena hernia nukleus pulposus', 'Gabapentin', 37.4, 'Nyeri punggung bawah kronis'),
	(79, 87, 79, 43, 'Infeksi Saluran Kemih', 'Ciprofloxacin', 37.7, 'Nyeri saat buang air kecil'),
	(80, 89, 80, 15, 'Gangguan Kecemasan Menyeluruh', 'Escitalopram', 36.5, 'Sering cemas berlebihan'),
	(81, 50, 81, 34, 'Hemiparesis pasca stroke', 'Baclofen', 36.8, 'Lemah di satu sisi tubuh setelah stroke'),
	(82, 93, 82, 60, 'Sprain/Ankle Sprain', 'Diclofenac gel', 37.1, 'Bengkak dan nyeri pada pergelangan kaki setelah jatuh saat lari'),
	(83, 57, 83, 52, 'nafsu makan tinggi', 'Orlistat', 37.4, 'Obesitas'),
	(84, 37, 84, 93, 'Ankle sprain', 'Ibuprofen', 37.7, 'Pergelangan kaki bengkak dan nyeri setelah bermain bola'),
	(85, 12, 85, 24, 'Amoxicillin', 'Bronkitis Akut', 36.5, 'Batuk berdahak lebih dari 1 minggu'),
	(86, 30, 86, 74, 'Konjungtivitis alergi', 'Loratadine tablet', 36.8, 'Mata merah'),
	(87, 90, 87, 1, 'Fibroadenoma mammae', 'Paracetamol', 37.1, 'Benjolan tidak nyeri di payudara'),
	(88, 94, 88, 66, ' Sprain (keseleo) grade ringan-sedang', 'Salep topikal NSAID', 37.4, 'Bengkak dan nyeri pergelangan kaki setelah terkilir saat olahraga'),
	(89, 95, 89, 82, 'ISPA ringan', 'antihistamin', 37.7, 'Demam tifoid'),
	(90, 21, 90, 100, 'Gangguan Depresi Mayor', 'Amitriptyline', 36.5, 'Cemas berlebihan atau panik'),
	(91, 31, 91, 19, 'Dismenore', 'Klotrimazol', 36.8, 'Perdarahan di luar siklus haid'),
	(92, 16, 92, 95, 'Gagal ginjal kronis', 'Furosemid', 37.1, 'Bengkak di kaki'),
	(93, 83, 93, 28, 'Infark miokard akut', 'Aspirin', 37.4, 'Nyeri dada mendadak'),
	(94, 5, 94, 85, 'Tuberkulosis paru', 'Rifampisin', 37.7, 'Batuk lama dan sesak'),
	(95, 9, 95, 77, 'Luka bakar derajat II', 'Silver sulfadiazine salep', 36.5, 'Luka bakar di lengan'),
	(96, 66, 96, 58, 'Infeksi saluran kemih (ISK)', 'Ciprofloxacin', 36.8, 'Nyeri saat buang air kecil'),
	(97, 81, 97, 49, 'Osteoartritis genu', 'Meloxicam', 37.1, 'Nyeri lutut saat berjalan'),
	(98, 84, 98, 6, 'Kanker payudara (CA mammae)', 'Tamoxifen', 37.4, 'Benjolan di payudara'),
	(99, 88, 99, 68, 'ISPA (Infeksi Saluran Pernapasan Akut)', 'Paracetamol sirup', 37.7, 'Demam dan batuk pilek'),
	(100, 3, 100, 97, 'Hiperemesis gravidarum', 'Vitamin B6 (piridoksin)', 36.5, 'Mual dan muntah saat hamil');

-- Dumping structure for table klinik1.pemeriksaan_umum
CREATE TABLE IF NOT EXISTS `pemeriksaan_umum` (
  `ID_Pemeriksaan_Umum` int(11) NOT NULL,
  `ID_Registrasi` int(11) DEFAULT NULL,
  `ID_Perawat` int(11) DEFAULT NULL,
  `Berat_Badan` float DEFAULT NULL,
  `Tinggi_Badan` float DEFAULT NULL,
  `Suhu` float DEFAULT NULL,
  `Keluhan` text DEFAULT NULL,
  PRIMARY KEY (`ID_Pemeriksaan_Umum`),
  KEY `ID_Registrasi` (`ID_Registrasi`),
  KEY `ID_Perawat` (`ID_Perawat`),
  CONSTRAINT `pemeriksaan_umum_ibfk_1` FOREIGN KEY (`ID_Registrasi`) REFERENCES `registrasi_pasien` (`ID_Registrasi`),
  CONSTRAINT `pemeriksaan_umum_ibfk_2` FOREIGN KEY (`ID_Perawat`) REFERENCES `perawat` (`ID_Perawat`)
) ENGINE=InnoDB DEFAULT CHARSET=utf8mb4 COLLATE=utf8mb4_0900_ai_ci;

-- Dumping data for table klinik1.pemeriksaan_umum: ~100 rows (approximately)
INSERT INTO `pemeriksaan_umum` (`ID_Pemeriksaan_Umum`, `ID_Registrasi`, `ID_Perawat`, `Berat_Badan`, `Tinggi_Badan`, `Suhu`, `Keluhan`) VALUES
	(1, 84, 1, 65, 165, 37.7, 'Pergelangan kaki bengkak dan nyeri setelah bermain bola'),
	(2, 33, 2, 70, 170, 37.4, 'Berat badan sulit turun meski diet'),
	(3, 71, 3, 60, 160, 36.8, 'Cemas berlebihan'),
	(4, 59, 4, 55, 158, 37.7, 'Tidak bisa diam'),
	(5, 10, 5, 68, 172, 36.5, 'keputihan berbau tidak sedap'),
	(6, 2, 6, 62, 168, 37.1, 'Pusing sejak pagi'),
	(7, 17, 7, 75, 178, 37.1, 'wajah mencong'),
	(8, 60, 8, 80, 180, 36.5, 'datang untuk imunisasi sesuai jadwal'),
	(9, 95, 9, 58, 162, 36.5, 'Luka bakar di lengan'),
	(10, 1, 10, 67, 167, 36.8, 'Batuk kering'),
	(11, 44, 11, 65, 165, 37.7, 'Berat badan tidak naik/menurun'),
	(12, 28, 12, 70, 170, 37.4, 'Nyeri saat buang air kecil'),
	(13, 86, 13, 60, 160, 36.8, 'Mata merah'),
	(14, 8, 14, 55, 158, 37.4, 'mata bayi tampak kuning'),
	(15, 37, 15, 68, 172, 37.1, 'Nyeri punggung bawah'),
	(16, 73, 16, 62, 168, 37.4, 'Gigi nyeri berdenyut'),
	(17, 51, 17, 75, 178, 36.8, 'Benjolan di payudara'),
	(18, 72, 18, 80, 180, 37.1, ' Mual muntah terus-menerus di awal kehamilan'),
	(19, 3, 19, 58, 162, 37.4, 'sakit tenggorokan'),
	(20, 97, 20, 67, 167, 37.1, 'Nyeri lutut saat berjalan'),
	(21, 64, 21, 65, 165, 37.7, 'Demam tinggi'),
	(22, 61, 22, 70, 170, 36.8, 'Kejang berulang tanpa demam'),
	(23, 12, 23, 60, 160, 37.1, 'Gatal'),
	(24, 41, 24, 55, 158, 36.8, 'Kulit kering, gatal hebat'),
	(25, 80, 25, 68, 172, 36.5, 'Sering cemas berlebihan'),
	(26, 76, 26, 62, 168, 36.8, 'Mata merah'),
	(27, 18, 27, 75, 178, 37.4, 'sulit rileks'),
	(28, 88, 28, 80, 180, 37.4, 'Bengkak dan nyeri pergelangan kaki setelah terkilir saat olahraga'),
	(29, 13, 29, 58, 162, 37.4, ' jantung berdebar'),
	(30, 6, 30, 67, 167, 36.8, 'Demam'),
	(31, 7, 31, 65, 165, 37.1, 'Sulit tidur'),
	(32, 30, 32, 70, 170, 36.5, 'Berat badan turun'),
	(33, 90, 33, 60, 160, 36.5, 'Cemas berlebihan atau panik'),
	(34, 48, 34, 55, 158, 37.4, 'Pucat'),
	(35, 50, 35, 68, 172, 36.5, 'Sedih berkepanjangan'),
	(36, 100, 36, 62, 168, 36.5, 'Mual dan muntah saat hamil'),
	(37, 53, 37, 75, 178, 37.4, 'Batuk berdahak'),
	(38, 26, 38, 80, 180, 36.8, 'Panas badan'),
	(39, 69, 39, 58, 162, 37.7, 'Hidung tersumbat'),
	(40, 36, 40, 67, 167, 36.8, 'Liraglutide'),
	(41, 58, 41, 65, 165, 37.4, 'Batuk'),
	(42, 14, 42, 70, 170, 37.7, 'mudah lapar'),
	(43, 52, 43, 60, 160, 37.1, 'Sesak napas tiba-tiba'),
	(44, 87, 44, 55, 158, 37.1, 'Benjolan tidak nyeri di payudara'),
	(45, 35, 45, 68, 172, 36.5, 'Sakit kepala'),
	(46, 31, 46, 62, 168, 36.8, 'Gatal hebat terutama malam hari'),
	(47, 56, 47, 75, 178, 36.8, 'Berat badan sulit naik'),
	(48, 63, 48, 80, 180, 37.4, 'Sakit kepala bagian belakang'),
	(49, 99, 49, 58, 162, 37.7, 'Demam dan batuk pilek'),
	(50, 54, 50, 67, 167, 37.7, 'Nyeri hebat setelah jatuh/terpeleset'),
	(51, 38, 51, 65, 165, 37.4, 'Lemas, cepat lelah'),
	(52, 43, 52, 70, 170, 37.4, 'Cemas berlebihan tanpa sebab jelas'),
	(53, 4, 53, 60, 160, 37.7, 'Pusing'),
	(54, 85, 54, 55, 158, 36.5, 'Batuk berdahak lebih dari 1 minggu'),
	(55, 11, 55, 68, 172, 36.8, ' kulit melepuh'),
	(56, 29, 56, 62, 168, 37.7, 'Asam mefenamat'),
	(57, 19, 57, 75, 178, 37.7, 'Kepala terasa berat atau pusing'),
	(58, 46, 58, 80, 180, 36.8, 'Benjolan di payudara tidak nyeri'),
	(59, 15, 59, 58, 162, 36.5, 'nyeri telinga'),
	(60, 55, 60, 67, 167, 36.5, 'Mual'),
	(61, 20, 61, 65, 165, 36.5, 'sulit tidur karena hidung tersumbat'),
	(62, 27, 62, 70, 170, 37.1, 'Pusing'),
	(63, 96, 63, 60, 160, 36.8, 'Nyeri saat buang air kecil'),
	(64, 32, 64, 55, 158, 37.1, 'Lumpuh separuh badan'),
	(65, 21, 65, 68, 172, 36.8, 'Demam tinggi mendadak'),
	(66, 66, 66, 62, 168, 36.8, 'Nyeri dada menjalar ke lengan kiri'),
	(67, 83, 67, 75, 178, 37.4, 'Obesitas'),
	(68, 98, 68, 80, 180, 37.4, 'Benjolan di payudara'),
	(69, 62, 69, 58, 162, 37.1, 'Mual muntah ringan'),
	(70, 70, 70, 67, 167, 36.5, 'Gatal di malam hari'),
	(71, 67, 71, 65, 165, 37.1, 'Demam'),
	(72, 34, 72, 70, 170, 37.7, 'Nyeri otot saat bergerak'),
	(73, 25, 73, 60, 160, 36.5, 'Tenggorokan sakit'),
	(74, 57, 74, 55, 158, 37.1, 'Sakit kepala bagian belakang'),
	(75, 22, 75, 68, 172, 37.1, 'Demam ringan'),
	(76, 79, 76, 62, 168, 37.7, 'Nyeri saat buang air kecil'),
	(77, 9, 77, 75, 178, 37.7, 'Gatal'),
	(78, 74, 78, 80, 180, 37.7, 'Sering haus'),
	(79, 23, 79, 58, 162, 37.4, 'Nyeri perut kanan bawah'),
	(80, 40, 80, 67, 167, 36.5, 'Berat badan turun atau tidak naik sesuai usia'),
	(81, 78, 81, 65, 165, 37.4, 'Nyeri punggung bawah kronis'),
	(82, 82, 82, 70, 170, 37.1, 'Bengkak dan nyeri pada pergelangan kaki setelah jatuh saat lari'),
	(83, 81, 83, 60, 160, 36.8, 'Lemah di satu sisi tubuh setelah stroke'),
	(84, 89, 84, 55, 158, 37.7, 'Demam tifoid'),
	(85, 5, 85, 68, 172, 36.5, 'Nyeri hebat'),
	(86, 65, 86, 62, 168, 36.5, 'Gigi terasa nyeri saat mengunyah'),
	(87, 16, 87, 75, 178, 36.8, 'Keputihan bercampur darah'),
	(88, 45, 88, 80, 180, 36.5, 'kunjungan rutin untuk imunisasi'),
	(89, 77, 89, 58, 162, 37.1, 'Nyeri perut kanan bawah'),
	(90, 75, 90, 67, 167, 36.5, 'Lemas'),
	(91, 94, 91, 65, 165, 37.7, 'Batuk lama dan sesak'),
	(92, 93, 92, 70, 170, 37.4, 'Nyeri dada mendadak'),
	(93, 92, 93, 60, 160, 37.1, 'Bengkak di kaki'),
	(94, 42, 94, 55, 158, 37.1, 'Sakit kepala belakang/leher'),
	(95, 39, 95, 68, 172, 37.7, 'Benjolan tidak nyeri di payudara'),
	(96, 24, 96, 62, 168, 37.7, 'Kulit dan mata bayi kuning'),
	(97, 68, 97, 75, 178, 37.4, 'Sering buang air kecil'),
	(98, 47, 98, 80, 180, 37.1, 'Mudah lelah'),
	(99, 49, 99, 58, 162, 37.7, 'Nyeri perut kanan bawah'),
	(100, 91, 100, 67, 167, 36.8, 'Perdarahan di luar siklus haid');

-- Dumping structure for table klinik1.perawat
CREATE TABLE IF NOT EXISTS `perawat` (
  `ID_Perawat` int(11) NOT NULL,
  `ID_Poliklinik` int(11) DEFAULT NULL,
  `ID_Registrasi` int(11) DEFAULT NULL,
  `Nama` varchar(100) DEFAULT NULL,
  `No_Handphone` varchar(15) DEFAULT NULL,
  `Alamat` text DEFAULT NULL,
  `Tanggal_Lahir` date DEFAULT NULL,
  PRIMARY KEY (`ID_Perawat`),
  KEY `ID_Poliklinik` (`ID_Poliklinik`),
  KEY `ID_Registrasi` (`ID_Registrasi`),
  CONSTRAINT `perawat_ibfk_1` FOREIGN KEY (`ID_Poliklinik`) REFERENCES `poliklinik` (`ID_Poliklinik`),
  CONSTRAINT `perawat_ibfk_2` FOREIGN KEY (`ID_Registrasi`) REFERENCES `registrasi_pasien` (`ID_Registrasi`)
) ENGINE=InnoDB DEFAULT CHARSET=utf8mb4 COLLATE=utf8mb4_0900_ai_ci;

-- Dumping data for table klinik1.perawat: ~100 rows (approximately)
INSERT INTO `perawat` (`ID_Perawat`, `ID_Poliklinik`, `ID_Registrasi`, `Nama`, `No_Handphone`, `Alamat`, `Tanggal_Lahir`) VALUES
	(1, 25, 84, 'Eka Permana', '082198654321', 'Jl. Jenderal Sudirman No. 21, Semarang, JA 50245', '1987-03-12'),
	(2, 13, 33, 'Siti Lestari', '087812345678', 'Jl. Gajah Mada No. 45, Malang, JT 65123', '1979-09-23'),
	(3, 22, 71, 'Dian Kurniawan', '085233445566', 'Jl. Dr. Sutomo No. 12, Yogyakarta, YO 55281', '1985-05-04'),
	(4, 22, 59, 'Rudi Hartono', '081298765432', 'Jl. Rajawali No. 5, Makassar, SN 90135', '1990-08-19'),
	(5, 29, 10, 'Indah Wulandari', '081334567890', 'Jl. Sisingamangaraja No. 88, Medan, SU 20218', '1983-07-10'),
	(6, 12, 2, 'Ahmad Fauzi', '087834569821', 'Jl. Teuku Umar No. 35, Denpasar, BA 80235', '1980-11-15'),
	(7, 7, 17, 'Yuniarti Nasution', '082143219876', 'Jl. Perintis Kemerdekaan No. 23, Palu, SL 94111', '1991-04-27'),
	(8, 24, 60, 'Dewi Anggraini', '089632145678', 'Jl. Asia Afrika No. 123, Bandung, JB 40111', '1989-01-03'),
	(9, 39, 95, 'Fajar Hidayat', '085279654321', 'Jl. Imam Bonjol No. 77, Pontianak, KB 78123', '1982-06-20'),
	(10, 35, 1, 'Mega Sari', '083844556677', 'Jl. R.A. Kartini No. 4, Surabaya, JT 60231', '1993-02-14'),
	(11, 30, 44, 'Bambang Setiawan', '081377889900', 'Jl. Pahlawan No. 99, Bandar Lampung, LA 35145', '1988-10-08'),
	(12, 15, 28, 'Nurhayati', '082198745612', 'Jl. Diponegoro No. 22, Mataram, NB 83115', '1977-12-30'),
	(13, 4, 86, 'Wawan Hermawan', '089899912345', 'Jl. Kenanga No. 40, Samarinda, KI 75111', '1984-03-11'),
	(14, 21, 8, 'Lilis Suryani', '085622334455', 'Jl. Sutan Syahrir No. 55, Serang, BT 42115', '1992-09-01'),
	(15, 36, 37, 'Eko Prasetyo', '081333444555', 'Jl. Yos Sudarso No. 9, Balikpapan, KI 76121', '1978-12-09'),
	(16, 3, 73, 'Ratna Sari', '082167899012', 'Jl. Antasari No. 11, Padang, SB 25131', '1990-06-15'),
	(17, 40, 51, 'Gunawan', '081555667788', 'Jl. Supratman No. 101, Palembang, SS 30139', '1986-08-24'),
	(18, 36, 72, 'Sari Yuliana', '087877665544', 'Jl. Ahmad Yani No. 7, Pekanbaru, RI 28121', '1981-04-09'),
	(19, 28, 3, 'Deni Ramadhan', '089812398712', 'Jl. K.H. Agus Salim No. 89, Banjarmasin, KS 70122', '1994-12-05'),
	(20, 23, 97, 'Nina Aprilia', '083198765432', 'Jl. Thamrin No. 3, Bengkulu, BE 38116', '1983-11-11'),
	(21, 34, 64, 'Agus Mulyadi', '085611122233', 'Jl. Kartini No. 55, Manado, SA 95111', '1979-01-25'),
	(22, 7, 61, 'Yuliana Rahmawati', '082112345612', 'Jl. Merdeka No. 67, Jambi, JA 36127', '1987-07-07'),
	(23, 38, 12, 'Rina Oktaviani', '081612345621', 'Jl. Dipatiukur No. 70, Jakarta, JK 10510', '1985-09-20'),
	(24, 38, 41, 'Hendra Saputra', '089623145678', 'Jl. Sudirman No. 89, Ternate, MA 97711', '1991-03-13'),
	(25, 33, 80, 'Desi Novita', '084412345678', 'Jl. Majapahit No. 42, Pontianak, KB 78122', '1980-12-02'),
	(26, 4, 76, 'Fitria Dewanti', '087899987654', 'Jl. Cendrawasih No. 11, Ambon, MA 97233', '1982-10-30'),
	(27, 33, 18, 'Budi Gunarto', '082145678934', 'Jl. Melati No. 90, Kupang, NT 85215', '1990-07-22'),
	(28, 31, 88, 'Rizky Amelia', '081277889900', 'Jl. Kamboja No. 5, Serang, BT 42111', '1986-05-19'),
	(29, 9, 13, 'Yoga Pratama', '083123456789', 'Jl. Mawar No. 8, Tasikmalaya, JB 46111', '1984-02-17'),
	(30, 8, 6, 'Siti Rahmah', '089998877665', 'Jl. Bintara No. 3, Cirebon, JB 45133', '1991-11-12'),
	(31, 9, 7, 'Zulkifli Syahputra', '081345678901', 'Jl. Simatupang No. 88, Batam, KR 29432', '1983-09-05'),
	(32, 18, 30, 'Dewi Sartika', '082144556677', 'Jl. Pandanaran No. 6, Kendari, SG 93122', '1989-08-30'),
	(33, 22, 90, 'Mulyono', '083877665544', 'Jl. Hasanuddin No. 77, Palangka Raya, KT 73112', '1987-07-13'),
	(34, 26, 48, 'Yeni Handayani', '087812398765', 'Jl. Trunojoyo No. 55, Madiun, JT 63122', '1985-01-02'),
	(35, 9, 50, 'Aditya Ramadhan', '089734561289', 'Jl. Veteran No. 34, Gorontalo, GO 96112', '1978-06-06'),
	(36, 10, 100, 'Sulastri', '081923456789', 'Jl. Belimbing No. 100, Bandar Lampung, LA 35112', '1992-10-14'),
	(37, 14, 53, 'Asep Kurnia', '087722334455', 'Jl. Perjuangan No. 9, Bogor, JB 16118', '1981-03-08'),
	(38, 32, 26, 'Nita Anggraini', '082144556600', 'Jl. Taman Sari No. 3, Bandung, JB 40112', '1994-09-21'),
	(39, 8, 69, 'Rahmat Hidayat', '081599887766', 'Jl. Margonda Raya No. 111, Depok, JB 16424', '1980-08-01'),
	(40, 13, 36, 'Yeni Wahyuni', '085766778899', 'Jl. Kenari No. 20, Bekasi, JB 17112', '1993-04-07'),
	(41, 1, 58, 'Nanda Saputri', '083188765432', 'Jl. Durian No. 9, Tangerang, BT 15121', '1988-12-18'),
	(42, 18, 14, 'Dedi Mulyana', '081734589067', 'Jl. Pemuda No. 43, Cianjur, JB 43212', '1982-05-03'),
	(43, 35, 52, 'Rina Sari', '082100112233', 'Jl. Merpati No. 5, Purwokerto, JT 53112', '1990-11-29'),
	(44, 40, 87, 'Yoga Putra', '089611122334', 'Jl. Sawo Kecik No. 70, Salatiga, JT 50711', '1986-10-22'),
	(45, 6, 35, 'Dian Lestari', '081777999000', 'Jl. Kencana No. 33, Semarang, JT 50212', '1981-07-16'),
	(46, 5, 31, 'Mira Wahyuni', '082166778899', 'Jl. Walikota No. 17, Jakarta Selatan, JK 12410', '1984-03-28'),
	(47, 30, 56, 'Anton Firmansyah', '087844556677', 'Jl. Dr. Wahidin No. 29, Bandung, JB 40211', '1991-06-10'),
	(48, 19, 63, 'Sinta Damayanti', '083177889900', 'Jl. Mangga Besar No. 77, Jakarta Barat, JK 11230', '1979-02-19'),
	(49, 1, 99, 'Rizal Maulana', '089611223344', 'Jl. Budi Utomo No. 12, Jakarta Pusat, JK 10560', '1983-05-01'),
	(50, 25, 54, 'Citra Ningsih', '081633344455', 'Jl. Jambu No. 101, Depok, JB 16431', '1990-08-26'),
	(51, 34, 38, 'Teguh Priyono', '087712398745', 'Jl. Mangunsarkoro No. 60, Magelang, JT 56123', '1987-06-14'),
	(52, 33, 43, 'Lina Marlina', '081277889911', 'Jl. Wijaya Kusuma No. 20, Sukabumi, JB 43145', '1993-01-25'),
	(53, 10, 4, 'Agung Wibowo', '082198700122', 'Jl. Duku No. 14, Cilacap, JT 53223', '1981-02-03'),
	(54, 12, 85, 'Maria Magdalena', '083812398745', 'Jl. Raden Saleh No. 70, Pekalongan, JT 51122', '1990-09-17'),
	(55, 39, 11, 'Samsul Huda', '085744556622', 'Jl. Belimbing No. 33, Tegal, JT 52115', '1985-11-09'),
	(56, 3, 29, 'Nurul Hidayah', '089600112233', 'Jl. Perintis No. 91, Rembang, JT 59219', '1992-07-05'),
	(57, 37, 19, 'Bayu Saputra', '087744556699', 'Jl. Kalibata No. 45, Jakarta Selatan, JK 12740', '1986-04-11'),
	(58, 20, 46, 'Hana Kurniawati', '081555667700', 'Jl. Kebon Jeruk No. 99, Jakarta Barat, JK 11530', '1979-09-30'),
	(59, 8, 15, 'Darmawan', '083833344400', 'Jl. Tambak No. 55, Surabaya, JT 60241', '1984-05-16'),
	(60, 27, 55, 'Tania Octaviani', '082188899900', 'Jl. Gunung Agung No. 10, Denpasar, BA 80111', '1991-12-12'),
	(61, 1, 20, 'Nico Setiawan', '089877665544', 'Jl. Merpati Putih No. 8, Surakarta, JT 57112', '1988-10-01'),
	(62, 17, 27, 'Sella Amelia', '081777888999', 'Jl. Anggrek No. 6, Probolinggo, JT 67215', '1980-06-19'),
	(63, 15, 96, 'Hendra Wijaya', '087811122233', 'Jl. Cempaka Putih No. 23, Medan, SU 20219', '1993-02-22'),
	(64, 11, 32, 'Putri Anindya', '082122334455', 'Jl. Suryo No. 78, Yogyakarta, YO 55282', '1982-01-08'),
	(65, 28, 21, 'Reza Gunawan', '089633344455', 'Jl. Brawijaya No. 100, Kediri, JT 64112', '1989-08-07'),
	(66, 32, 66, 'Linda Sari', '081288899900', 'Jl. Cikini Raya No. 55, Jakarta Pusat, JK 10330', '1985-04-14'),
	(67, 13, 83, 'Anwar Fauzi', '083844556600', 'Jl. Garuda No. 3, Blitar, JT 66133', '1990-03-01'),
	(68, 40, 98, 'Yunita Harahap', '082166778822', 'Jl. Tengku Umar No. 45, Medan, SU 20220', '1978-12-21'),
	(69, 10, 62, 'Agnes Monica', '081300112233', 'Jl. Teuku Cik Ditiro No. 7, Banda Aceh, AC 23111', '1992-09-18'),
	(70, 5, 70, 'Aulia Nurfadillah', '087844556633', 'Jl. Ahmad Dahlan No. 4, Jakarta Selatan, JK 12210', '1983-07-31'),
	(71, 37, 67, 'Bambang Riyadi', '085699887700', 'Jl. Hang Tuah No. 30, Pekanbaru, RI 28124', '1981-02-25'),
	(72, 23, 34, 'Desi Kurniasari', '089888777666', 'Jl. Cikajang No. 99, Jakarta Selatan, JK 12160', '1994-01-14'),
	(73, 28, 25, 'Aminah Farida', '081622334455', 'Jl. Kaliurang No. 80, Sleman, YO 55291', '1990-06-01'),
	(74, 17, 57, 'Bagus Setyo', '087722334466', 'Jl. Kali Bata No. 66, Jakarta Selatan, JK 12870', '1986-11-08'),
	(75, 24, 22, 'Wahyuni Ramadhani', '083166778899', 'Jl. Raya Bogor No. 22, Bogor, JB 16121', '1984-10-27'),
	(76, 15, 79, 'Fadli Ramadhan', '082100223344', 'Jl. Jati No. 14, Bukittinggi, SB 26122', '1987-03-15'),
	(77, 29, 9, 'Melani Kurniawati', '081788899900', 'Jl. Jend. Sudirman No. 50, Tanjungpinang, KR 29111', '1991-08-19'),
	(78, 18, 74, 'Doni Firmansyah', '089733344455', 'Jl. Dr. Soetomo No. 77, Mojokerto, JT 61313', '1982-12-06'),
	(79, 16, 23, 'Sri Wahyuni', '087700889900', 'Jl. Sultan Agung No. 19, Bengkulu, BE 38115', '1989-04-23'),
	(80, 30, 40, 'Tatang Sutisna', '081344556688', 'Jl. Pahlawan No. 3, Subang, JB 41234', '1983-05-14'),
	(81, 16, 78, 'Mega Anggraini', '083188800011', 'Jl. Diponegoro No. 8, Padang, SB 25115', '1994-10-20'),
	(82, 25, 82, 'Yusuf Ardiansyah', '082133344455', 'Jl. Pancasila No. 12, Jambi, JA 36111', '1985-07-09'),
	(83, 11, 81, 'Erna Damayanti', '081611223344', 'Jl. Letda Sujono No. 5, Medan, SU 20227', '1990-09-02'),
	(84, 32, 89, 'Ali Hidayat', '087722334488', 'Jl. Kapten Muslim No. 23, Medan, SU 20238', '1979-06-05'),
	(85, 31, 5, 'Selvi Azzahra', '089800112244', 'Jl. Dipatiukur No. 80, Bandung, JB 40132', '1992-11-18'),
	(86, 3, 65, 'Daniel Ferdinand', '081566778899', 'Jl. Ampera Raya No. 15, Jakarta Selatan, JK 12560', '1981-03-10'),
	(87, 20, 16, 'Ayu Fitriani', '082144556633', 'Jl. M.H. Thamrin No. 33, Tangerang, BT 15118', '1987-02-07'),
	(88, 24, 45, 'Iman Prasetyo', '083811122233', 'Jl. Letjen S. Parman No. 70, Jakarta Barat, JK 11440', '1991-12-01'),
	(89, 2, 77, 'Shinta Ramadhani', '087799887766', 'Jl. Gajah Mada No. 9, Malang, JT 65133', '1988-05-11'),
	(90, 19, 75, 'Galih Prakoso', '081766778899', 'Jl. Slamet Riyadi No. 5, Solo, JT 57131', '1984-01-20'),
	(91, 14, 94, 'Rizki Fauzan', '085744556633', 'Jl. Gatot Subroto No. 100, Jakarta Selatan, JK 12870', '1982-08-12'),
	(92, 35, 93, 'Annisa Putri', '089700889911', 'Jl. Asia Afrika No. 23, Bandung, JB 40111', '1989-07-17'),
	(93, 27, 92, 'Farhan Maulana', '083811122244', 'Jl. Ahmad Yani No. 44, Banjarmasin, KS 70122', '1993-06-25'),
	(94, 17, 42, 'Dian Anggraini', '082188899911', 'Jl. Teuku Umar No. 11, Pontianak, KB 78112', '1980-10-30'),
	(95, 20, 39, 'Haryanto', '081788899922', 'Jl. Majapahit No. 19, Jakarta Timur, JK 13210', '1985-03-18'),
	(96, 21, 24, 'Yani Rahayu', '087788899933', 'Jl. Pasar Baru No. 77, Jakarta Pusat, JK 10710', '1991-02-16'),
	(97, 6, 68, 'Reinaldo Simanjuntak', '089744556600', 'Jl. Sisingamangaraja No. 25, Medan, SU 20233', '1986-09-09'),
	(98, 26, 47, 'Almira Febriana', '083844556677', 'Jl. Belitung No. 2, Makassar, SN 90115', '1987-12-08'),
	(99, 2, 49, 'Indah Susanti', '082122233344', 'Jl. Pelajar Pejuang No. 10, Bandung, JB 40263', '1983-11-04'),
	(100, 29, 91, 'Yulianti Maharani', '081611223311', 'Jl. Ganesha No. 1, Bandung, JB 40132', '1990-04-22');

-- Dumping structure for table klinik1.poliklinik
CREATE TABLE IF NOT EXISTS `poliklinik` (
  `ID_Poliklinik` int(11) NOT NULL,
  `Nama` varchar(100) DEFAULT NULL,
  `Deskripsi` text DEFAULT NULL,
  `Jumlah_Dokter` int(11) DEFAULT NULL,
  PRIMARY KEY (`ID_Poliklinik`)
) ENGINE=InnoDB DEFAULT CHARSET=utf8mb4 COLLATE=utf8mb4_0900_ai_ci;

-- Dumping data for table klinik1.poliklinik: ~40 rows (approximately)
INSERT INTO `poliklinik` (`ID_Poliklinik`, `Nama`, `Deskripsi`, `Jumlah_Dokter`) VALUES
	(1, 'Poliklinik Anak', 'Pelayanan kesehatan untuk anak-anak', 3),
	(2, 'Poliklinik Bedah', 'Pelayanan tindakan bedah umum', 2),
	(3, 'Poliklinik Gigi', 'Pelayanan kesehatan gigi dan mulut', 3),
	(4, 'Poliklinik Mata', 'Pelayanan kesehatan mata', 2),
	(5, 'Poliklinik Kulit dan Kelamin', 'Pelayanan penyakit kulit dan kelamin', 2),
	(6, 'Poliklinik Penyakit Dalam', 'Pelayanan penyakit dalam umum', 2),
	(7, 'Poliklinik Saraf', 'Pelayanan gangguan saraf dan otak', 2),
	(8, 'Poliklinik THT', 'Pelayanan Telinga Hidung Tenggorokan', 3),
	(9, 'Poliklinik Kesehatan Jiwa', 'Pelayanan kesehatan mental', 3),
	(10, 'Poliklinik Kandungan', 'Pelayanan kesehatan ibu dan kandungan', 3),
	(11, 'Poliklinik Rehabilitasi Medik', 'Pelayanan rehabilitasi fisik', 2),
	(12, 'Poliklinik Paru', 'Pelayanan penyakit paru dan pernapasan', 2),
	(13, 'Poliklinik Gizi', 'Pelayanan konsultasi gizi dan diet', 3),
	(14, 'Poliklinik Radiologi', 'Pelayanan pemeriksaan radiologi', 2),
	(15, 'Poliklinik Urologi', 'Pelayanan kesehatan saluran kemih', 3),
	(16, 'Poliklinik Anestesi', 'Pelayanan anestesi dan penanganan nyeri', 2),
	(17, 'Poliklinik Kardiologi', 'Pelayanan penyakit jantung dan pembuluh darah', 3),
	(18, 'Poliklinik Endokrin', 'Pelayanan gangguan hormon dan metabolik', 3),
	(19, 'Poliklinik Geriatri', 'Pelayanan kesehatan lanjut usia', 2),
	(20, 'Poliklinik Onkologi', 'Pelayanan kanker dan tumor', 3),
	(21, 'Poliklinik Neonatal', 'Pelayanan bayi baru lahir', 2),
	(22, 'Poliklinik Psikiatri', 'Pelayanan gangguan jiwa dan psikologis', 3),
	(23, 'Poliklinik Fisioterapi', 'Pelayanan terapi fisik dan olahraga', 2),
	(24, 'Poliklinik Imunisasi', 'Pelayanan vaksinasi dan imunisasi', 3),
	(25, 'Poliklinik Kedokteran Olahraga', 'Pelayanan cedera dan kesehatan olahraga', 3),
	(26, 'Poliklinik Hematologi', 'Pelayanan penyakit darah', 2),
	(27, 'Poliklinik Nefrologi', 'Pelayanan gangguan ginjal', 2),
	(28, 'Poliklinik Infeksi', 'Pelayanan penyakit infeksi', 3),
	(29, 'Poliklinik Reproduksi', 'Pelayanan kesehatan reproduksi', 3),
	(30, 'Poliklinik Nutrisi', 'Pelayanan konsultasi nutrisi', 3),
	(31, 'Poliklinik Trauma', 'Pelayanan penanganan trauma dan cedera', 2),
	(32, 'Poliklinik Diagnostik', 'Pelayanan pemeriksaan diagnostik', 3),
	(33, 'Poliklinik Psikologi', 'Pelayanan konseling dan psikologi', 3),
	(34, 'Poliklinik Patologi', 'Pelayanan analisis laboratorium', 2),
	(35, 'Poliklinik Gawat Darurat', 'Pelayanan kegawatdaruratan medis', 3),
	(36, 'Poliklinik Kebidanan', 'Pelayanan kebidanan dan persalinan', 2),
	(37, 'Poliklinik Farmasi', 'Pelayanan pemberian obat dan konsultasi', 2),
	(38, 'Poliklinik Dermatologi', 'Pelayanan kulit dan alergi', 2),
	(39, 'Poliklinik Bedah Plastik', 'Pelayanan bedah plastik dan rekonstruksi', 2),
	(40, 'Poliklinik Patologi Anatomi', 'Pelayanan pemeriksaan jaringan dan sel', 3);

-- Dumping structure for table klinik1.registrasi_pasien
CREATE TABLE IF NOT EXISTS `registrasi_pasien` (
  `ID_Registrasi` int(11) NOT NULL,
  `ID_Pasien` int(11) DEFAULT NULL,
  `Tanggal_Registrasi` date DEFAULT NULL,
  `Nomor_Antrian` int(11) DEFAULT NULL,
  PRIMARY KEY (`ID_Registrasi`),
  KEY `ID_Pasien` (`ID_Pasien`),
  CONSTRAINT `registrasi_pasien_ibfk_1` FOREIGN KEY (`ID_Pasien`) REFERENCES `pasien` (`ID_Pasien`)
) ENGINE=InnoDB DEFAULT CHARSET=utf8mb4 COLLATE=utf8mb4_0900_ai_ci;

-- Dumping data for table klinik1.registrasi_pasien: ~100 rows (approximately)
INSERT INTO `registrasi_pasien` (`ID_Registrasi`, `ID_Pasien`, `Tanggal_Registrasi`, `Nomor_Antrian`) VALUES
	(1, 85, '2025-03-27', 1),
	(2, 32, '2025-04-17', 1),
	(3, 18, '2025-03-04', 2),
	(4, 7, '2025-03-30', 3),
	(5, 72, '2025-04-02', 1),
	(6, 15, '2025-04-02', 3),
	(7, 52, '2025-04-08', 3),
	(8, 44, '2025-03-05', 2),
	(9, 93, '2025-04-05', 2),
	(10, 29, '2025-04-05', 3),
	(11, 71, '2025-04-22', 1),
	(12, 11, '2025-03-28', 2),
	(13, 92, '2025-04-08', 1),
	(14, 76, '2025-04-24', 2),
	(15, 75, '2025-04-01', 2),
	(16, 48, '2025-01-30', 3),
	(17, 90, '2025-04-21', 1),
	(18, 86, '2025-03-25', 1),
	(19, 56, '2025-03-08', 1),
	(20, 6, '2025-03-01', 2),
	(21, 33, '2025-03-04', 2),
	(22, 34, '2025-03-07', 1),
	(23, 14, '2025-04-27', 2),
	(24, 51, '2025-03-05', 1),
	(25, 9, '2025-03-04', 3),
	(26, 54, '2025-04-15', 1),
	(27, 25, '2025-04-02', 3),
	(28, 2, '2025-03-27', 2),
	(29, 83, '2025-03-09', 3),
	(30, 10, '2025-04-24', 3),
	(31, 73, '2025-04-07', 1),
	(32, 84, '2025-04-17', 2),
	(33, 20, '2025-03-09', 1),
	(34, 94, '2025-03-16', 1),
	(35, 99, '2025-04-12', 2),
	(36, 39, '2025-03-09', 2),
	(37, 41, '2025-03-24', 2),
	(38, 19, '2025-03-11', 1),
	(39, 96, '2025-01-30', 1),
	(40, 4, '2025-03-17', 2),
	(41, 16, '2025-03-28', 1),
	(42, 65, '2025-04-02', 1),
	(43, 98, '2025-03-25', 3),
	(44, 53, '2025-03-17', 1),
	(45, 69, '2025-03-07', 3),
	(46, 28, '2025-01-30', 1),
	(47, 81, '2025-03-09', 1),
	(48, 82, '2025-03-09', 2),
	(49, 89, '2025-03-07', 2),
	(50, 59, '2025-04-08', 2),
	(51, 40, '2025-04-22', 3),
	(52, 58, '2025-03-27', 2),
	(53, 31, '2025-03-14', 1),
	(54, 62, '2025-03-13', 3),
	(55, 97, '2025-04-07', 2),
	(56, 77, '2025-03-17', 3),
	(57, 79, '2025-04-02', 2),
	(58, 17, '2025-03-01', 1),
	(59, 50, '2025-03-01', 1),
	(60, 35, '2025-03-07', 2),
	(61, 47, '2025-04-21', 2),
	(62, 88, '2025-03-30', 2),
	(63, 37, '2025-04-30', 2),
	(64, 12, '2025-03-11', 2),
	(65, 80, '2025-03-02', 2),
	(66, 57, '2025-04-15', 2),
	(67, 22, '2025-03-08', 2),
	(68, 78, '2025-04-12', 1),
	(69, 45, '2025-04-01', 1),
	(70, 26, '2025-04-07', 2),
	(71, 49, '2025-03-01', 3),
	(72, 66, '2025-03-24', 1),
	(73, 100, '2025-03-02', 1),
	(74, 3, '2025-04-24', 1),
	(75, 23, '2025-04-30', 1),
	(76, 36, '2025-03-12', 1),
	(77, 5, '2025-03-07', 1),
	(78, 43, '2025-04-27', 1),
	(79, 27, '2025-03-27', 3),
	(80, 60, '2025-03-25', 2),
	(81, 8, '2025-04-17', 1),
	(82, 68, '2025-03-13', 1),
	(83, 87, '2025-03-09', 3),
	(84, 95, '2025-03-13', 2),
	(85, 1, '2025-04-17', 2),
	(86, 63, '2025-03-12', 2),
	(87, 13, '2025-04-22', 2),
	(88, 74, '2025-04-02', 2),
	(89, 46, '2025-04-15', 3),
	(90, 30, '2025-03-01', 2),
	(91, 55, '2025-04-05', 1),
	(92, 61, '2025-04-07', 1),
	(93, 21, '2025-03-27', 3),
	(94, 91, '2025-03-14', 2),
	(95, 38, '2025-04-22', 2),
	(96, 70, '2025-03-27', 1),
	(97, 64, '2025-03-16', 2),
	(98, 42, '2025-04-22', 1),
	(99, 67, '2025-03-05', 3),
	(100, 24, '2025-03-30', 1);

-- Dumping structure for table klinik1.sistem
CREATE TABLE IF NOT EXISTS `sistem` (
  `ID_sistem` int(11) NOT NULL,
  `ID_Poliklinik` int(11) NOT NULL,
  `ID_Pasien` int(11) DEFAULT NULL,
  `ID_CS` int(11) DEFAULT NULL,
  `ID_Registrasi` int(11) DEFAULT NULL,
  `Nomor_Antrian` int(11) DEFAULT NULL,
  `Nama_Dokter` varchar(100) DEFAULT NULL,
  `Nama_Poliklinik` varchar(100) DEFAULT NULL,
  PRIMARY KEY (`ID_sistem`),
  KEY `ID_Pasien` (`ID_Pasien`),
  KEY `ID_CS` (`ID_CS`),
  KEY `ID_Registrasi` (`ID_Registrasi`),
  KEY `ID_Poliklinik` (`ID_Poliklinik`) USING BTREE,
  CONSTRAINT `sistem_ibfk_1` FOREIGN KEY (`ID_Poliklinik`) REFERENCES `poliklinik` (`ID_Poliklinik`),
  CONSTRAINT `sistem_ibfk_2` FOREIGN KEY (`ID_Pasien`) REFERENCES `pasien` (`ID_Pasien`),
  CONSTRAINT `sistem_ibfk_3` FOREIGN KEY (`ID_CS`) REFERENCES `customer_service` (`ID_CS`),
  CONSTRAINT `sistem_ibfk_4` FOREIGN KEY (`ID_Registrasi`) REFERENCES `registrasi_pasien` (`ID_Registrasi`)
) ENGINE=InnoDB DEFAULT CHARSET=utf8mb4 COLLATE=utf8mb4_0900_ai_ci;

-- Dumping data for table klinik1.sistem: ~100 rows (approximately)
INSERT INTO `sistem` (`ID_sistem`, `ID_Poliklinik`, `ID_Pasien`, `ID_CS`, `ID_Registrasi`, `Nomor_Antrian`, `Nama_Dokter`, `Nama_Poliklinik`) VALUES
	(1, 29, 55, 23, 91, 1, 'Dr. Umar Rahmawati Sp.OG', 'Poliklinik Reproduksi'),
	(2, 32, 46, 82, 89, 2, 'Dr. Jhon Ningrat Sp.PA', 'Poliklinik Diagnostik'),
	(3, 35, 21, 33, 93, 3, 'Dr. Gina Gunawan Sp.EM', 'Poliklinik Gawat Darurat'),
	(4, 6, 78, 78, 68, 4, 'Dr. Hadi Lestari Sp.PD', 'Poliklinik Penyakit Dalam'),
	(5, 40, 40, 54, 98, 5, ' Dr. Bimba Labu Sp.PA', 'Poliklinik Patologi Anatomi'),
	(6, 38, 16, 53, 41, 6, 'Dr. Tono Pratama Sp.DVE', 'Poliklinik Dermatologi'),
	(7, 28, 33, 9, 21, 7, 'Dr. Indra Gunawan Sp.PD-KPTI', 'Poliklinik Infeksi'),
	(8, 19, 23, 79, 75, 8, 'Dr. Dian Mahendra Sp.PD-KGer', 'Poliklinik Geriatri'),
	(9, 36, 66, 89, 37, 9, 'Dr. Lina Gunawan Sp.OG', 'Poliklinik Kebidanan'),
	(10, 33, 86, 22, 80, 10, 'Dr. Gina Lestari Sp.KJ', 'Poliklinik Psikologi'),
	(11, 30, 4, 4, 56, 11, 'Dr. Putri Lestari Sp.GK', 'Poliklinik Nutrisi'),
	(12, 9, 92, 20, 7, 12, 'Dr. Tono Yulianto Sp.KJ', 'Poliklinik Kesehatan Jiwa'),
	(13, 15, 27, 81, 79, 13, 'Dr. Kiki Kusuma Sp.U', 'Poliklinik Urologi'),
	(14, 12, 1, 32, 85, 14, 'Dr. Kiki Rahmawati Sp.P', 'Poliklinik Paru'),
	(15, 17, 65, 93, 42, 15, 'Dr. Eka Yulianto Sp.JP', 'Poliklinik Kardiologi'),
	(16, 3, 100, 42, 29, 16, 'Dr. Putri Kusuma Sp.PM', 'Poliklinik Gigi'),
	(17, 22, 50, 45, 71, 17, 'Dr. Umar Mahendra Sp.KJ', 'Poliklinik Psikiatri'),
	(18, 15, 70, 35, 28, 18, 'Dr. Indra Wijaya Sp.U', 'Poliklinik Urologi'),
	(19, 38, 11, 7, 12, 19, 'Dr. Indra Yulianto Sp.DVE', 'Poliklinik Dermatologi'),
	(20, 25, 62, 95, 84, 20, 'Dr. Hadi Gunawan Sp.OT', 'Poliklinik Kedokteran Olahraga'),
	(21, 26, 81, 91, 47, 21, 'Dr. Nina Santoso Sp.PD-KHOM', 'Poliklinik Hematologi'),
	(22, 10, 7, 10, 4, 22, 'Dr. Oscar Lestari Sp.OG', 'Poliklinik Kandungan'),
	(23, 2, 89, 98, 49, 23, 'Dr. Andi Mahendra Sp.B', 'Poliklinik Bedah'),
	(24, 16, 43, 17, 78, 24, 'Dr. Lina Kusuma Sp.An-TI', 'Poliklinik Anestesi'),
	(25, 29, 29, 63, 10, 25, 'Dr. Lina Pratama Sp.OG', 'Poliklinik Reproduksi'),
	(26, 5, 73, 29, 70, 26, 'Dr. Sari Wijaya Sp.KK', 'Poliklinik Kulit dan Kelamin'),
	(27, 9, 59, 55, 50, 27, 'Dr. Nina Kusuma Sp.KJ', 'Poliklinik Kesehatan Jiwa'),
	(28, 31, 74, 92, 5, 28, 'Dr. Lina Santoso Sp.OT', 'Poliklinik Trauma'),
	(29, 23, 94, 49, 34, 29, 'Dr. Citra Yulianto Sp.K.F.R.', 'Poliklinik Fisioterapi'),
	(30, 19, 37, 30, 63, 30, 'Dr. Putri Yulianto Sp.PD-KGer', 'Poliklinik Geriatri'),
	(31, 36, 41, 73, 72, 31, 'Dr. Indra Kusuma Sp.OG', 'Poliklinik Kebidanan'),
	(32, 11, 84, 56, 81, 32, 'Dr. Lina Pratama Sp.K.F.R.', 'Poliklinik Rehabilitasi Medik'),
	(33, 32, 54, 80, 66, 33, 'Dr. Joko Kusuma Sp.Rad', 'Poliklinik Diagnostik'),
	(34, 9, 52, 65, 13, 34, 'Dr. Putri Kusuma Sp.KJ', 'Poliklinik Kesehatan Jiwa'),
	(35, 24, 35, 12, 60, 35, 'Dr. Maya Lestari Sp.A', 'Poliklinik Imunisasi'),
	(36, 28, 18, 52, 3, 36, 'Dr. Maya Lestari Sp.PD-KPTI', 'Poliklinik Infeksi'),
	(37, 40, 13, 38, 51, 37, 'Dr. Andi Wijaya Sp.PA', 'Poliklinik Patologi Anatomi'),
	(38, 27, 97, 5, 55, 38, 'Dr. Sari Mahendra Sp.A(K)', 'Poliklinik Nefrologi'),
	(39, 30, 77, 44, 40, 39, 'Dr. Citra Wijaya Sp.GK', 'Poliklinik Nutrisi'),
	(40, 32, 57, 86, 26, 40, 'Dr. Fajar Saputra Sp.Rad', 'Poliklinik Diagnostik'),
	(41, 7, 47, 96, 17, 41, 'Dr. Lina Saputra Sp.N', 'Poliklinik Saraf'),
	(42, 37, 22, 1, 67, 42, 'Dr. Kiki Mahendra Sp.PD', 'Poliklinik Farmasi'),
	(43, 3, 80, 99, 65, 43, 'Dr. Maya Wijaya Sp.BMMF', 'Poliklinik Gigi'),
	(44, 13, 39, 83, 33, 44, 'Dr. Sari Pratama Sp.GK', 'Poliklinik Gizi'),
	(45, 1, 17, 76, 20, 45, 'Dr. Joko Santoso Sp.A', 'Poliklinik Anak'),
	(46, 14, 31, 50, 94, 46, 'Dr. Indra Yulianto Sp.Rad', 'Poliklinik Radiologi'),
	(47, 17, 25, 21, 27, 47, 'Dr. Dian Kusuma Sp.JP', 'Poliklinik Kardiologi'),
	(48, 25, 68, 100, 54, 48, 'Dr. Kiki Rahmawati Sp.OT', 'Poliklinik Kedokteran Olahraga'),
	(49, 13, 87, 87, 83, 49, 'Dr. Tono Mahendra Sp.GK', 'Poliklinik Gizi'),
	(50, 2, 5, 64, 77, 50, 'Dr. Indra Pratama Sp.B', 'Poliklinik Bedah'),
	(51, 29, 93, 6, 9, 51, 'Dr. Lina Mahendra Sp.OG', 'Poliklinik Reproduksi'),
	(52, 20, 28, 62, 16, 52, 'Dr. Tono Lestari Sp.Onk', 'Poliklinik Onkologi'),
	(53, 15, 2, 37, 96, 53, 'Dr. Putri Gunawan Sp.U', 'Poliklinik Urologi'),
	(54, 4, 63, 57, 76, 54, 'Dr. Hadi Lestari Sp.M', 'Poliklinik Mata'),
	(55, 6, 99, 51, 35, 55, 'Dr. Dian Kusuma Sp.PD', 'Poliklinik Penyakit Dalam'),
	(56, 22, 49, 19, 90, 56, 'Dr. Oscar Pratama Sp.KJ', 'Poliklinik Psikiatri'),
	(57, 24, 69, 90, 22, 57, 'Dr. Andi Mahendra Sp.A', 'Poliklinik Imunisasi'),
	(58, 18, 10, 11, 74, 58, 'Dr. Putri Rahmawati Sp.PD-KEMD', 'Poliklinik Endokrin'),
	(59, 33, 60, 88, 43, 59, 'Dr. Hadi Pratama Sp.KJ', 'Poliklinik Psikologi'),
	(60, 3, 83, 75, 73, 60, 'Dr. Gina Lestari Sp.KG', 'Poliklinik Gigi'),
	(61, 28, 9, 72, 25, 61, 'Dr. Rian Wijaya Sp.PD-KPTI', 'Poliklinik Infeksi'),
	(62, 7, 90, 77, 61, 62, 'Dr. Maya Wijaya Sp.BS', 'Poliklinik Saraf'),
	(63, 21, 44, 36, 8, 63, 'Dr. Sari Rahmawati Sp.A(K)', 'Poliklinik Neonatal'),
	(64, 22, 30, 97, 59, 64, 'Dr. Maya Mahendra Sp.KJ', 'Poliklinik Psikiatri'),
	(65, 31, 72, 8, 88, 65, 'Dr. Lina Lestari Sp.OT', 'Poliklinik Trauma'),
	(66, 35, 58, 94, 52, 66, 'Dr. Maya Wijaya Sp.EM', 'Poliklinik Gawat Darurat'),
	(67, 8, 75, 85, 15, 67, 'Dr. Budi Kusuma Sp.T.H.T.B.K.', 'Poliklinik THT'),
	(68, 25, 95, 28, 82, 68, 'Dr. Maya Pratama Sp.KO', 'Poliklinik Kedokteran Olahraga'),
	(69, 4, 36, 74, 86, 69, 'Dr. Gina Pratama OD', 'Poliklinik Mata'),
	(70, 40, 42, 67, 87, 70, 'Dr. Putri Pratama Sp.PA', 'Poliklinik Patologi Anatomi'),
	(71, 35, 85, 71, 1, 71, 'Dr. Citra Mahendra Sp.EM', 'Poliklinik Gawat Darurat'),
	(72, 30, 53, 24, 44, 72, 'Dr. Budi Kusuma Sp.GK', 'Poliklinik Nutrisi'),
	(73, 21, 51, 68, 24, 73, 'Dr. Budi Wijaya Sp.A(K)', 'Poliklinik Neonatal'),
	(74, 24, 34, 84, 45, 74, 'Dr. Lina Saputra Sp.A', 'Poliklinik Imunisasi'),
	(75, 34, 19, 15, 38, 75, 'Dr. Citra Yulianto Sp.PA', 'Poliklinik Patologi'),
	(76, 16, 14, 59, 23, 76, 'Dr. Indra Lestari Sp.An-TI', 'Poliklinik Anestesi'),
	(77, 20, 96, 69, 46, 77, 'Dr. Maya Rahmawati Sp.Onk', 'Poliklinik Onkologi'),
	(78, 18, 76, 48, 30, 78, 'Dr. Hadi Mahendra Sp.PD-KEMD', 'Poliklinik Endokrin'),
	(79, 37, 56, 14, 19, 79, 'Dr. Rian Pratama Sp.PD', 'Poliklinik Farmasi'),
	(80, 8, 45, 25, 6, 80, 'Dr. Rian Pratama THT', 'Poliklinik THT'),
	(81, 13, 20, 41, 36, 81, 'Dr. Maya Gunawan Sp.GK', 'Poliklinik Gizi'),
	(82, 17, 79, 31, 57, 82, 'Dr. Eka Kusuma Sp.JP', 'Poliklinik Kardiologi'),
	(83, 39, 38, 2, 11, 83, 'Dr. Gina Lestari Sp.BPRE', 'Poliklinik Bedah Plastik'),
	(84, 8, 15, 27, 69, 84, 'Dr. Maya Kusuma Sp.T.H.T.B.K.', 'Poliklinik THT'),
	(85, 12, 32, 3, 2, 85, 'Dr. Hadi Wijaya Sp.P', 'Poliklinik Paru'),
	(86, 10, 24, 18, 100, 86, 'Dr. Dian Yulianto Sp.OG', 'Poliklinik Kandungan'),
	(87, 1, 67, 43, 99, 87, 'Dr. Dian Wijaya Sp.A', 'Poliklinik Anak'),
	(88, 10, 88, 46, 62, 88, 'Dr. Budi Pratama Sp.OG', 'Poliklinik Kandungan'),
	(89, 1, 6, 39, 58, 89, 'Dr. Budi Mahendra Sp.A', 'Poliklinik Anak'),
	(90, 14, 91, 34, 53, 90, 'Dr. Umar Kusuma Sp.Rad', 'Poliklinik Radiologi'),
	(91, 5, 26, 13, 31, 91, 'Dr. Andi Pratama Sp.DVE', 'Poliklinik Kulit dan Kelamin'),
	(92, 18, 3, 66, 14, 92, 'Dr. Citra Rahmawati Sp.PD-KEMD', 'Poliklinik Endokrin'),
	(93, 23, 64, 61, 97, 93, 'Dr. Putri Yulianto Sp.KO', 'Poliklinik Fisioterapi'),
	(94, 33, 98, 26, 18, 94, 'Dr. Sari Wijaya Sp.KJ', 'Poliklinik Psikologi'),
	(95, 20, 48, 70, 39, 95, 'Dr. Rian Mahendra Sp.Onk', 'Poliklinik Onkologi'),
	(96, 39, 71, 58, 95, 96, 'Dr. Citra Santoso Sp.BPRE', 'Poliklinik Bedah Plastik'),
	(97, 34, 12, 47, 64, 97, 'Dr. Maya Wijaya Sp.PK', 'Poliklinik Patologi'),
	(98, 27, 61, 16, 92, 98, 'Dr. Kiki Pratama Sp.PD-KGH', 'Poliklinik Nefrologi'),
	(99, 26, 82, 40, 48, 99, 'Dr. Fajar Pratama Sp.PD-KHOM', 'Poliklinik Hematologi'),
	(100, 11, 8, 60, 32, 100, 'Dr. Lina Gunawan Sp.K.F.R.', 'Poliklinik Rehabilitasi Medik');

/*!40103 SET TIME_ZONE=IFNULL(@OLD_TIME_ZONE, 'system') */;
/*!40101 SET SQL_MODE=IFNULL(@OLD_SQL_MODE, '') */;
/*!40014 SET FOREIGN_KEY_CHECKS=IFNULL(@OLD_FOREIGN_KEY_CHECKS, 1) */;
/*!40101 SET CHARACTER_SET_CLIENT=@OLD_CHARACTER_SET_CLIENT */;
/*!40111 SET SQL_NOTES=IFNULL(@OLD_SQL_NOTES, 1) */;
